device_id,customer_id,device_external_id,device_type,operating_system,first_seen_at,trusted
f754e2e3-a17c-5ea2-84e6-f10d8fd13e47,551aad89-9ac1-5f9d-b8ec-6784ffa02540,DEV-000001-1,tablet,Android,2025-03-01T19:41:21Z,False
7fcb7000-a7ce-5013-9c86-b0350424e349,551aad89-9ac1-5f9d-b8ec-6784ffa02540,DEV-000001-2,mobile,macOS,2025-02-13T19:41:21Z,True
bd28dc35-3cb4-5874-9dbb-3c3e52dc6c93,814c8d99-53b1-50ba-a640-42a513c59c84,DEV-000002-1,desktop,iOS,2024-07-28T19:41:21Z,True
9247eb96-5581-5ea1-8284-754f9fef00d2,814c8d99-53b1-50ba-a640-42a513c59c84,DEV-000002-2,tablet,Linux,2024-09-09T19:41:21Z,True
939ed99e-381b-5b6e-a9f5-c5bdd5c1e1a1,814c8d99-53b1-50ba-a640-42a513c59c84,DEV-000002-3,tablet,Android,2024-08-17T19:41:21Z,True
bb8349de-c16d-5e5f-b12b-f76906293cb0,5c05f4a8-8789-59dc-89f0-bc9af13084c9,DEV-000003-1,mobile,Linux,2026-02-04T19:41:21Z,True
b48d6067-35de-5a80-8c75-a6a741478a54,5c05f4a8-8789-59dc-89f0-bc9af13084c9,DEV-000003-2,mobile,macOS,2025-12-21T19:41:21Z,True
9b698b77-ccd1-53cf-abc0-33fb62bccb5d,a3f6b308-1517-5b33-8f9b-47fbd4c2108a,DEV-000004-1,tablet,Linux,2025-03-10T19:41:21Z,True
1dcb2ca1-1725-5f77-a885-1d2c6924a14b,f57b3705-39d7-5439-929b-3401755156ea,DEV-000005-1,tablet,macOS,2025-03-29T19:41:21Z,True
04e3e9df-614a-59b4-8705-f9884337d527,67c5e33c-56ae-5724-9736-22b70b5dd14f,DEV-000006-1,tablet,Linux,2022-02-23T19:41:21Z,True
476cb6db-2a98-5ce4-b3f1-7a321c0cdcca,67c5e33c-56ae-5724-9736-22b70b5dd14f,DEV-000006-2,desktop,Android,2022-04-08T19:41:21Z,True
c74572d3-cec1-551e-8f68-ca7fd457639f,f0b647b4-c3ba-553a-84b1-e8cdae95cbce,DEV-000007-1,tablet,Android,2025-09-14T19:41:21Z,False
e06369d1-ec2e-5ad3-82df-e104372967b0,f0b647b4-c3ba-553a-84b1-e8cdae95cbce,DEV-000007-2,tablet,Android,2025-10-01T19:41:21Z,False
bb8332cd-22c9-5302-afef-fdb233b02a53,3586b993-ebfb-5ca0-99a7-9c2577150ced,DEV-000008-1,mobile,iOS,2024-04-18T19:41:21Z,True
5ed14df7-8bf7-5012-be52-44fdf95d194d,3586b993-ebfb-5ca0-99a7-9c2577150ced,DEV-000008-2,mobile,iOS,2024-05-13T19:41:21Z,True
14b0a30f-e37d-5c3d-9853-213eb4cbd7e2,fe2dfad7-6a33-56a2-aaf3-dabff7335ae7,DEV-000009-1,desktop,Windows,2025-02-06T19:41:21Z,False
cbe2dfa0-e031-5ebb-b556-0953f31c4591,8a63fcac-740c-5873-94b7-99022ed4cd6c,DEV-000010-1,mobile,macOS,2026-03-25T19:41:21Z,True
6af77c2b-77c3-5393-a657-f1ad5af6c386,8a63fcac-740c-5873-94b7-99022ed4cd6c,DEV-000010-2,mobile,Linux,2026-03-29T19:41:21Z,True
1c86ab20-0f4d-585e-a55e-fba05234508c,0194cc6b-f02b-55c2-ad85-7f5259b4fee9,DEV-000011-1,desktop,Android,2024-01-28T19:41:21Z,True
e47bdc38-14fd-5643-adfc-32a1fa56eb7c,0194cc6b-f02b-55c2-ad85-7f5259b4fee9,DEV-000011-2,mobile,iOS,2024-03-18T19:41:21Z,True
8f50e02a-a6a0-5e08-a22b-bfddf6506568,fea21daa-f21d-5aac-bb6b-f0d8c776c404,DEV-000012-1,tablet,Android,2023-03-20T19:41:21Z,True
8e656314-4327-57a5-ad67-9e0f5b1e215e,59d9307b-8854-5ec8-a81d-f01997cc2655,DEV-000013-1,mobile,iOS,2023-04-12T19:41:21Z,True
3791300f-9bd9-5271-bda4-0e36fb78b52c,59d9307b-8854-5ec8-a81d-f01997cc2655,DEV-000013-2,mobile,Linux,2023-03-12T19:41:21Z,True
3a717481-b4fc-55dd-a8fa-991d9256ccd2,59d9307b-8854-5ec8-a81d-f01997cc2655,DEV-000013-3,mobile,Windows,2023-06-05T19:41:21Z,True
fce35977-9d87-5dd8-9f74-8982c62dbc7a,a6ad13a1-ccfe-5b3d-bced-206cd5adb141,DEV-000014-1,mobile,Linux,2025-06-15T19:41:21Z,True
2d5e5665-ad92-5887-a848-87099ba54cef,1bff7115-49dc-5e82-b1e1-b17d1d08481d,DEV-000015-1,mobile,Windows,2025-03-15T19:41:21Z,False
9ddd0f6f-6aef-557d-b1b7-23c3e07dd3d2,43d40fc5-5682-5e69-9230-3f7a669cf9fc,DEV-000016-1,desktop,Linux,2026-03-05T19:41:21Z,False
5492356b-8c85-572b-a6ea-43eb3dc2f283,43d40fc5-5682-5e69-9230-3f7a669cf9fc,DEV-000016-2,tablet,Android,2026-03-10T19:41:21Z,True
97185af4-9345-5f71-bc9e-5dc293a4ad7a,08da0623-79d0-5b14-8e66-4a8cfa39877c,DEV-000017-1,desktop,Windows,2026-04-04T19:41:21Z,True
fde02871-d482-5694-88c7-00d73522f71f,f62276ad-274c-5e87-8bc5-41ccae497285,DEV-000018-1,desktop,Android,2024-04-03T19:41:21Z,True
949f19e2-ab24-5954-956b-2fde98e7c7c2,f62276ad-274c-5e87-8bc5-41ccae497285,DEV-000018-2,mobile,iOS,2024-04-05T19:41:21Z,False
3c939037-6f4c-5eea-830c-07fec82097d2,f16c0cd0-3e52-5739-add0-ff73d15aa17b,DEV-000019-1,tablet,Windows,2023-02-08T19:41:21Z,True
3fc459f9-a184-565d-a0c1-83905124add7,67030947-1c80-593f-a0f5-60dc1890b50f,DEV-000020-1,mobile,macOS,2024-10-29T19:41:21Z,True
6f360f22-5067-5488-a50d-82f4cf5f835a,2af1bd4f-1485-510d-bd9f-8815f02716f2,DEV-000021-1,tablet,iOS,2022-08-29T19:41:21Z,False
1adc7ac2-4f8f-5351-b367-8def0f733f64,2af1bd4f-1485-510d-bd9f-8815f02716f2,DEV-000021-2,tablet,Linux,2022-07-26T19:41:21Z,False
dfa06007-a25e-5f68-a0fe-364f39ab83c2,2af1bd4f-1485-510d-bd9f-8815f02716f2,DEV-000021-3,desktop,macOS,2022-08-02T19:41:21Z,True
a88bca16-cc1a-540d-a8c3-5e131df4f465,045fd43c-73de-5b62-8368-0355bd9d5ab7,DEV-000022-1,tablet,Windows,2025-04-28T19:41:21Z,False
94018915-d0dd-52e9-8e7b-4b70c2b199b4,045fd43c-73de-5b62-8368-0355bd9d5ab7,DEV-000022-2,tablet,Linux,2025-03-17T19:41:21Z,False
2fc698ea-4331-5f03-b932-fd91ca7e6d48,045fd43c-73de-5b62-8368-0355bd9d5ab7,DEV-000022-3,mobile,macOS,2025-03-20T19:41:21Z,True
e9662b38-58d5-5884-a29b-030680213db4,c66a6407-bce1-537c-a38d-aea0c7c8bb09,DEV-000023-1,desktop,Windows,2023-10-05T19:41:21Z,False
24cafd57-7dce-5593-8f4d-277173878c9b,96c7924e-d6f1-5405-b755-c9e6ca0e02a1,DEV-000024-1,desktop,Linux,2021-11-17T19:41:21Z,True
5dcc1b8e-055f-5865-b1be-aabfb1a6174f,96c7924e-d6f1-5405-b755-c9e6ca0e02a1,DEV-000024-2,desktop,Android,2021-09-17T19:41:21Z,False
3b94b084-5408-511f-83d8-ccdd2bf46469,0146d275-1460-51d2-a6e0-7393eeb34b2f,DEV-000025-1,desktop,Android,2024-09-14T19:41:21Z,False
4de2e3e0-497f-5143-bea6-d4bd584e32b6,cd3a71bc-4b6f-556a-aad8-07ca827653a1,DEV-000026-1,mobile,iOS,2024-06-04T19:41:21Z,True
bf997fb9-d04d-5a85-bed1-d46f4fce09c5,8d8e6906-c250-59e5-a49c-17bea0e23633,DEV-000027-1,tablet,iOS,2023-01-28T19:41:21Z,True
505ac063-4de1-5e32-9ef4-93dffe5a55da,8d8e6906-c250-59e5-a49c-17bea0e23633,DEV-000027-2,desktop,iOS,2023-01-03T19:41:21Z,True
fdabd8f7-f38d-5a4e-91dd-084907c0294b,8d8e6906-c250-59e5-a49c-17bea0e23633,DEV-000027-3,desktop,Linux,2023-01-15T19:41:21Z,False
2d3b9633-bbe6-5157-98de-51f4bbecd0a3,2ccfcb63-480c-5b99-a0ff-5539d38928b3,DEV-000028-1,desktop,macOS,2023-01-02T19:41:21Z,False
867c5840-7b08-5a70-88a4-964e9f6dbc05,2c7d5e2f-7721-5a81-af1a-bb938a3197df,DEV-000029-1,mobile,Windows,2024-02-26T19:41:21Z,False
9aaa1fd8-de3d-5c08-bdff-3749320faba1,2c7d5e2f-7721-5a81-af1a-bb938a3197df,DEV-000029-2,mobile,macOS,2024-01-17T19:41:21Z,False
f044bcb4-81b7-5c59-8c07-0c993b5f6d4b,8ff668a9-1be4-5620-9c47-396ae365f595,DEV-000030-1,mobile,macOS,2021-09-28T19:41:21Z,False
146bbcf1-c91e-54eb-8a98-69e9e2d43090,8d9b8113-0b01-53bb-a208-e54b5f35e57c,DEV-000031-1,desktop,Windows,2024-09-22T19:41:21Z,True
0325ff1c-8cea-5d51-a9c9-56a2245dc9e5,8d9b8113-0b01-53bb-a208-e54b5f35e57c,DEV-000031-2,mobile,Android,2024-09-30T19:41:21Z,True
a7c12f66-77b1-5124-9da1-3ff30c74f5c9,4bcdb2b8-0f5c-5905-8e8d-82820bd3c947,DEV-000032-1,mobile,iOS,2022-05-04T19:41:21Z,True
d7134746-d099-5875-9ab1-5261b6f052f4,c689569b-9b5b-589b-83d3-76d069d610ec,DEV-000033-1,tablet,Windows,2026-03-31T19:41:21Z,True
0d5dbb15-a5a5-514b-b21c-fe0276c1d77f,e489d614-884f-5865-bee2-63161cbb6420,DEV-000034-1,tablet,iOS,2023-03-19T19:41:21Z,True
ecd8b98a-b06d-5e23-a0ad-3fcfceb7a0a9,5e119298-fbe0-5992-bb6b-e8bafec6de25,DEV-000035-1,desktop,iOS,2025-08-24T19:41:21Z,True
22a30a15-00c7-5ca1-a5bb-c62b98d677ef,5e119298-fbe0-5992-bb6b-e8bafec6de25,DEV-000035-2,desktop,Linux,2025-08-21T19:41:21Z,True
1f5c1f54-8c37-5ea8-81a6-ee59f94c5dd5,0ba23a02-5d75-51fc-820b-76571e00a158,DEV-000036-1,desktop,iOS,2025-03-27T19:41:21Z,True
d75de233-bc27-598c-a17a-31ec9d5a5a26,94ac9bd5-70f8-5583-8b6b-0928a323eb42,DEV-000037-1,mobile,Linux,2025-01-13T19:41:21Z,False
7ffb67ee-f7e9-51c8-ae61-cb24a5721a20,94ac9bd5-70f8-5583-8b6b-0928a323eb42,DEV-000037-2,mobile,macOS,2025-01-02T19:41:21Z,False
0c3e6734-fcbe-51b1-9528-ff4b787b3b35,94ac9bd5-70f8-5583-8b6b-0928a323eb42,DEV-000037-3,desktop,Windows,2025-02-12T19:41:21Z,True
2b08a3e1-e810-5530-9a24-09f7170bf68a,0b2a6dfa-0c15-524a-858d-98b57d881b48,DEV-000038-1,mobile,Linux,2022-07-24T19:41:21Z,False
c1f70de3-1434-5af4-8482-eba9c3b43a72,0b2a6dfa-0c15-524a-858d-98b57d881b48,DEV-000038-2,mobile,Android,2022-07-31T19:41:21Z,True
1a90d809-949a-51a4-9b1f-34a30d580d09,e5428808-6296-5164-b53c-d7969233ac3c,DEV-000039-1,mobile,Android,2025-06-10T19:41:21Z,True
6b00a76f-690f-56bc-83f8-18e9c89fcea9,e5428808-6296-5164-b53c-d7969233ac3c,DEV-000039-2,desktop,iOS,2025-05-16T19:41:21Z,True
4641c649-2990-5b10-b7b7-4ac1966cfdf0,d3125d46-ddc5-564e-9ba7-223e90342d2f,DEV-000040-1,desktop,Linux,2022-07-15T19:41:21Z,False
e9cf0628-4372-58ca-ab97-a8ab5f6de76f,59a40f40-c9a2-53d7-846b-e5027d254af3,DEV-000041-1,desktop,macOS,2023-10-21T19:41:21Z,True
866c0ba5-1863-59cd-9a91-503d243bdaf7,59a40f40-c9a2-53d7-846b-e5027d254af3,DEV-000041-2,desktop,iOS,2023-08-14T19:41:21Z,True
e094b843-f938-510b-ab37-f2c931880ebc,6553a4d0-3553-5c42-b87e-6e334e2339c3,DEV-000042-1,desktop,Linux,2023-05-08T19:41:21Z,True
e43e9ff0-4eb7-5779-91cd-ef25027e58f6,6553a4d0-3553-5c42-b87e-6e334e2339c3,DEV-000042-2,mobile,Windows,2023-06-02T19:41:21Z,True
5e937537-8317-5b4c-808c-6f7a0a71ec97,a6ef40c6-b152-53a9-a0c6-57fbffeee18e,DEV-000043-1,mobile,Android,2023-11-11T19:41:21Z,True
ab863326-63a7-5b22-8e79-91ebad00fa2f,a6ef40c6-b152-53a9-a0c6-57fbffeee18e,DEV-000043-2,tablet,macOS,2024-01-07T19:41:21Z,True
8c5a0d53-aedf-5612-8dd2-b0d17c75def0,8787f8af-f603-52df-bbda-1bd0473c2da1,DEV-000044-1,desktop,macOS,2023-12-11T19:41:21Z,True
7d07a7a9-154c-5312-bd14-f8e123184b05,8787f8af-f603-52df-bbda-1bd0473c2da1,DEV-000044-2,desktop,Windows,2023-10-09T19:41:21Z,False
6dab982a-a6a3-597f-b2cd-eba03b27b392,8787f8af-f603-52df-bbda-1bd0473c2da1,DEV-000044-3,desktop,iOS,2023-10-14T19:41:21Z,False
cdf76fd3-c2c1-579b-bffc-a18b8cca09cd,f0343ed4-8a36-5915-8093-1d36b6d1d116,DEV-000045-1,mobile,Linux,2026-04-03T19:41:21Z,True
bcb41a79-1207-5487-9d6e-d27737df9351,c7b3cdb4-0a10-5361-a249-225ced0dae7f,DEV-000046-1,desktop,Linux,2022-01-15T19:41:21Z,True
70119900-0abb-5d8f-bebf-6b4dd911afb8,c7b3cdb4-0a10-5361-a249-225ced0dae7f,DEV-000046-2,mobile,Windows,2022-03-08T19:41:21Z,False
fce0ae20-f211-56bc-837a-e03a8a668151,a308653b-e2a6-524f-a651-3777abd1fafd,DEV-000047-1,desktop,iOS,2023-11-24T19:41:21Z,True
22fad62a-31a0-5dfa-81fa-26300c127c8e,a308653b-e2a6-524f-a651-3777abd1fafd,DEV-000047-2,desktop,iOS,2023-11-17T19:41:21Z,True
29f09e86-1567-5879-afa5-e536ecf3f743,051a33d1-d032-5709-9430-89b21b067c27,DEV-000048-1,tablet,Android,2022-09-01T19:41:21Z,False
a0cb8b86-6982-5774-88da-056aca5d17bc,7c798dc7-7fa0-5fd1-a7b5-049887299faf,DEV-000049-1,desktop,iOS,2024-03-25T19:41:21Z,True
0dd2fca1-e14f-5708-b3e1-996d51b357fd,7c798dc7-7fa0-5fd1-a7b5-049887299faf,DEV-000049-2,tablet,Linux,2024-01-03T19:41:21Z,True
9c897998-ecdc-5eba-9a44-14c762a10012,7c798dc7-7fa0-5fd1-a7b5-049887299faf,DEV-000049-3,desktop,Android,2024-01-17T19:41:21Z,True
1cbeaf03-5e21-5901-8786-51db7c0c4dff,d043f15a-5d12-5709-a8a2-e164ae35ec23,DEV-000050-1,desktop,Android,2025-04-13T19:41:21Z,True
ede6daf1-b73a-5f3c-9059-e9500f98b5ec,8045ab10-15f8-5072-9934-bd9956dc2d9c,DEV-000051-1,tablet,iOS,2026-01-05T19:41:21Z,False
4f648674-1e9c-5571-a719-e1130fbae4ff,7140d087-7738-59ec-a040-85169d683f6e,DEV-000052-1,tablet,Linux,2023-08-22T19:41:21Z,False
8e712518-9623-50e8-bcf1-c957a2b458b8,90e8ed66-d5ae-5a4c-b4b7-e36b073e9b25,DEV-000053-1,desktop,macOS,2021-08-13T19:41:21Z,True
dc6f08bb-71c3-59cd-8c08-2bc677fe39fd,90e8ed66-d5ae-5a4c-b4b7-e36b073e9b25,DEV-000053-2,desktop,Android,2021-09-29T19:41:21Z,False
aedadbda-ef36-5c86-9074-efa4819c0980,f420c691-433f-5770-8db1-6785619b340e,DEV-000054-1,desktop,iOS,2025-11-12T19:41:21Z,True
1fe96031-8639-5086-b2c4-e3c275919b11,f420c691-433f-5770-8db1-6785619b340e,DEV-000054-2,desktop,iOS,2025-12-19T19:41:21Z,True
cf4bba6a-fabd-5d91-87f7-0d65f3016f71,fd8ba815-1b0f-5f4f-a07d-b4fca3dc5e61,DEV-000055-1,tablet,Windows,2021-07-18T19:41:21Z,True
878ea00f-a3b1-53c9-ab4a-7143c2205b00,fd8ba815-1b0f-5f4f-a07d-b4fca3dc5e61,DEV-000055-2,desktop,Windows,2021-11-09T19:41:21Z,True
93729762-bf7b-5062-80e5-7ec27c5845eb,fd8ba815-1b0f-5f4f-a07d-b4fca3dc5e61,DEV-000055-3,desktop,iOS,2021-08-07T19:41:21Z,True
fdc7d3cc-c5f1-56aa-bdae-c3716b89b672,7f522ebe-325a-5113-adc9-491645527f2b,DEV-000056-1,mobile,Android,2022-03-10T19:41:21Z,True
a25fa2f1-aa62-5cfe-8eba-41d44612b158,7f522ebe-325a-5113-adc9-491645527f2b,DEV-000056-2,tablet,iOS,2022-03-24T19:41:21Z,False
1d112f22-72d5-5d37-95a0-f933d21f29ca,69bbf60b-b463-5584-8bc2-5a722e8cbc16,DEV-000057-1,desktop,Linux,2023-10-30T19:41:21Z,True
f6f0fdd1-327d-5207-a71d-01ca1969c33a,10bf0c04-e337-5c2d-b69a-a4cb1aa8c145,DEV-000058-1,mobile,macOS,2021-12-28T19:41:21Z,False
5cd5af8c-6726-5bd8-b71e-cf944e723884,10bf0c04-e337-5c2d-b69a-a4cb1aa8c145,DEV-000058-2,mobile,Windows,2022-03-09T19:41:21Z,False
8017c3c4-405e-5cb5-baa5-f439004a091a,71cff273-af31-5915-9883-5690203c9659,DEV-000059-1,mobile,Windows,2025-11-30T19:41:21Z,True
dc826ca6-e2b1-58ec-8f9c-30ecfd719cfa,71cff273-af31-5915-9883-5690203c9659,DEV-000059-2,mobile,Linux,2025-11-12T19:41:21Z,True
f5f53d5d-ec05-5408-83af-5fda8c372dd7,3a679863-d6ed-5e3f-8102-2174bdd52860,DEV-000060-1,desktop,Linux,2022-06-08T19:41:21Z,True
417b06bb-7c12-5253-812c-8d0d2ee274ba,3a679863-d6ed-5e3f-8102-2174bdd52860,DEV-000060-2,tablet,Windows,2022-04-06T19:41:21Z,False
e185fc12-2d3b-5f4a-99f9-26c6a0574bf1,ad3208e2-9d08-5003-92b2-d29ee770c36a,DEV-000061-1,tablet,macOS,2022-11-28T19:41:21Z,True
86e1d4b4-ea5b-53b3-a1eb-2d7557d4dbad,ad3208e2-9d08-5003-92b2-d29ee770c36a,DEV-000061-2,desktop,Linux,2022-12-22T19:41:21Z,True
ca790c05-a506-5b59-b284-7977efe341fb,650248b5-9c89-5af6-bce1-c80033baed40,DEV-000062-1,desktop,macOS,2025-09-18T19:41:21Z,True
fe57b8a8-069f-5b06-90f6-e262d6c95522,650248b5-9c89-5af6-bce1-c80033baed40,DEV-000062-2,tablet,Linux,2025-06-17T19:41:21Z,True
5d1c5155-3d86-5660-8106-29552168847d,650248b5-9c89-5af6-bce1-c80033baed40,DEV-000062-3,mobile,Windows,2025-06-23T19:41:21Z,False
987c705d-b666-5ab5-af20-d3c9d0399c7b,a2313b8e-5261-5449-8533-85241fdc2acb,DEV-000063-1,desktop,Windows,2025-09-24T19:41:21Z,True
abbd44eb-bc43-5e9f-a2e8-5c0b1de5af0d,6b5befe4-170d-53bf-b336-971e69176930,DEV-000064-1,mobile,Linux,2024-07-11T19:41:21Z,True
ab685c19-ba1b-57a7-896a-9481fc69ead9,6b5befe4-170d-53bf-b336-971e69176930,DEV-000064-2,tablet,Windows,2024-07-25T19:41:21Z,True
e679c17d-f73b-569b-8594-d05edcb84e2c,ff96cff8-37ac-58da-9257-8e98f569861c,DEV-000065-1,tablet,macOS,2025-05-09T19:41:21Z,True
98a25b37-2270-5ab0-9621-e973d949fbee,f803c8e4-b484-519d-adfb-9e16b81dc382,DEV-000066-1,desktop,iOS,2024-06-13T19:41:21Z,False
fbeef647-875e-5ebb-a7f5-0380dc5c9b96,bcfe2fb6-47c4-5035-a2f9-4e78d8021e45,DEV-000067-1,desktop,iOS,2021-08-26T19:41:21Z,True
fad7a65b-a254-53c7-a009-7ee1b637e6a6,bcfe2fb6-47c4-5035-a2f9-4e78d8021e45,DEV-000067-2,mobile,macOS,2021-07-17T19:41:21Z,True
9294cac3-5671-5805-aaa7-c9c938ea337c,bcfe2fb6-47c4-5035-a2f9-4e78d8021e45,DEV-000067-3,mobile,iOS,2021-08-16T19:41:21Z,True
1dd158f0-da7f-511f-8404-74f744cbfd8e,8e1e1248-6839-59d8-9ac5-dbe44dff4618,DEV-000068-1,tablet,Linux,2026-04-04T19:41:21Z,False
5c8093c6-2d6e-5fe0-a0e4-238000038390,8e1e1248-6839-59d8-9ac5-dbe44dff4618,DEV-000068-2,mobile,Windows,2026-02-26T19:41:21Z,True
54d285c5-b7a6-58fd-bed8-1ad1e165c3ef,7efd3b7b-c81e-5fbf-9ba6-2ce46e2f3227,DEV-000069-1,mobile,Linux,2024-01-30T19:41:21Z,True
bd51616b-00ea-5343-b8c9-d86dc8543425,7efd3b7b-c81e-5fbf-9ba6-2ce46e2f3227,DEV-000069-2,tablet,iOS,2024-02-13T19:41:21Z,True
ba3636f5-cb2a-505a-b693-1f38eb9f3756,454f38d7-d818-5697-b210-d0b8ea63841a,DEV-000070-1,desktop,Android,2023-09-01T19:41:21Z,True
73520c4a-a12d-5c9c-b577-b331396a3c15,454f38d7-d818-5697-b210-d0b8ea63841a,DEV-000070-2,tablet,Windows,2023-12-09T19:41:21Z,True
75f4d050-acee-56bb-9c0c-8c2493f88ee9,6f80918a-0cb2-545f-95eb-f83ebc3abfba,DEV-000071-1,mobile,Windows,2021-10-31T19:41:21Z,True
0c664566-57dd-502b-8559-808f52091d26,dff6cf9d-9377-53bf-811a-6da2a2a11e22,DEV-000072-1,mobile,Linux,2022-03-22T19:41:21Z,True
5ded3bc1-a7c7-5af1-b59c-170642ae1d07,dff6cf9d-9377-53bf-811a-6da2a2a11e22,DEV-000072-2,mobile,iOS,2022-03-26T19:41:21Z,True
e59fb9e9-be56-575b-acef-dd012d15776c,49079aad-1f3c-5d71-b4aa-2b7a03a32f24,DEV-000073-1,tablet,macOS,2022-05-23T19:41:21Z,True
42ceef68-4a3f-56f0-bad2-2f3d25b8474b,4806d296-ba6e-5089-8b2b-c9e46a97f3fb,DEV-000074-1,tablet,Android,2022-09-02T19:41:21Z,True
a2c4dd2f-d72a-595e-a4cd-cd2ad1e6aeb3,4806d296-ba6e-5089-8b2b-c9e46a97f3fb,DEV-000074-2,desktop,Windows,2022-09-18T19:41:21Z,True
1e417f59-75ba-5165-8130-04820b648240,0c881136-0ae8-5d83-bd2d-d8753d812959,DEV-000075-1,desktop,Android,2022-06-24T19:41:21Z,False
92dc433c-a6e1-5ad6-8f0a-5c4ee6cfa9ed,0c881136-0ae8-5d83-bd2d-d8753d812959,DEV-000075-2,mobile,Windows,2022-05-25T19:41:21Z,True
9729d60a-c445-51d0-a14f-0f4dea24d89d,b40160bd-befe-5416-a8e8-4ae4b292a414,DEV-000076-1,tablet,Linux,2021-08-23T19:41:21Z,False
a8c238a1-03db-5613-81a1-dfbd55f1c764,95da5152-e1ef-5085-8af8-0d33481a6fb7,DEV-000077-1,desktop,Android,2024-11-10T19:41:21Z,True
8b03c93c-3b66-5d79-acb9-8d1bab5fad4f,95da5152-e1ef-5085-8af8-0d33481a6fb7,DEV-000077-2,mobile,macOS,2024-09-23T19:41:21Z,True
1dc67424-8241-5a97-8f20-6b5dada0567d,0a549ec1-0db6-5bd3-a19f-ae7c06a6f297,DEV-000078-1,mobile,Linux,2025-08-03T19:41:21Z,True
03b65ba6-fe75-5472-85b4-62d46460080c,0a549ec1-0db6-5bd3-a19f-ae7c06a6f297,DEV-000078-2,tablet,Linux,2025-06-01T19:41:21Z,True
0edfe141-c04e-5e5e-89da-465b490fb44f,7df8cd7f-9d2e-5c24-92af-ce2b62476ba8,DEV-000079-1,desktop,macOS,2025-12-01T19:41:21Z,False
c9fc33ea-4c4f-5c89-9f47-b7f0d5462b39,7500167c-97da-5eff-8893-9af5badd91f3,DEV-000080-1,desktop,iOS,2022-07-09T19:41:21Z,False
d16a7e74-0475-5fea-940f-cc469f63ecf0,b93314aa-378f-5315-8964-ba1387b95f40,DEV-000081-1,desktop,iOS,2026-01-13T19:41:21Z,False
b23a6f59-313f-56b2-9157-63f6296c35ef,b93314aa-378f-5315-8964-ba1387b95f40,DEV-000081-2,tablet,macOS,2026-02-01T19:41:21Z,True
83e48723-fcc5-5d5f-965d-560529aaa9ca,b4710b5c-1374-574f-ad6f-efadf1df389b,DEV-000082-1,desktop,iOS,2024-11-06T19:41:21Z,True
ec91590f-2a8b-5048-80d9-caa746d0770e,b4710b5c-1374-574f-ad6f-efadf1df389b,DEV-000082-2,tablet,Linux,2024-10-10T19:41:21Z,True
21785be5-a114-53ee-bebb-cf3449cfec2b,b5384021-6db9-5afc-be08-b1a45cfcfd9d,DEV-000083-1,tablet,macOS,2023-08-21T19:41:21Z,True
c68426d6-f9fa-55e4-899f-8efa0c22553e,d3bf6bc5-0267-5958-9e94-c5b15f389fa2,DEV-000084-1,tablet,Linux,2022-06-16T19:41:21Z,True
88cef177-b162-5dd1-93ac-f537d6309c64,d883db2a-2da3-539b-afa2-ce92afdfbce7,DEV-000085-1,tablet,iOS,2024-08-19T19:41:21Z,False
48bc6f7f-ae24-52bb-8ccb-b9f3991a7b11,d883db2a-2da3-539b-afa2-ce92afdfbce7,DEV-000085-2,mobile,Linux,2024-08-25T19:41:21Z,False
00726f88-0c3b-566e-8687-7924a19ede67,25ea94a3-4ea3-52d1-9652-5bf82c37fe4d,DEV-000086-1,tablet,Android,2023-04-10T19:41:21Z,True
9e570aaf-7d98-5ea5-a520-55b994b65261,25ea94a3-4ea3-52d1-9652-5bf82c37fe4d,DEV-000086-2,tablet,macOS,2023-04-06T19:41:21Z,False
ba7af779-cabf-50e5-bb5c-66c0fe4ae8e8,5b2be8dd-d37d-53d4-aa9e-db8ea39f94d2,DEV-000087-1,mobile,Windows,2023-07-27T19:41:21Z,True
267ec45f-76da-5a8a-ad29-1df24e4e84e4,5b2be8dd-d37d-53d4-aa9e-db8ea39f94d2,DEV-000087-2,tablet,Android,2023-07-17T19:41:21Z,False
3a105044-026a-5331-bc22-1b07cd5ce086,3ab5b7e3-9c6c-5c59-8dc5-d31c62ec81f4,DEV-000088-1,desktop,Windows,2023-05-29T19:41:21Z,False
807f4e33-a1c1-52e2-9948-0aac3ffbd7c8,36c54c3b-7c90-5191-9f8d-2f036bc6cca2,DEV-000089-1,desktop,Windows,2025-01-06T19:41:21Z,False
f653f600-2be0-5ae1-99c5-ecd6706f0136,c593b6bf-fd06-5166-92e5-33e7e88cc3df,DEV-000090-1,mobile,Linux,2023-04-13T19:41:21Z,True
83796adb-5ad3-56c6-bf1a-c1c157113970,c593b6bf-fd06-5166-92e5-33e7e88cc3df,DEV-000090-2,mobile,macOS,2023-07-05T19:41:21Z,True
d0f9d405-4b79-5f00-a601-d1a7350c35f7,c593b6bf-fd06-5166-92e5-33e7e88cc3df,DEV-000090-3,mobile,macOS,2023-06-23T19:41:21Z,False
727e25e2-44fc-5893-926c-5752e7383b59,4af8ad72-df81-52fe-81b6-b276186bfc76,DEV-000091-1,mobile,iOS,2026-05-09T19:41:21Z,True
0e57a898-923e-571b-9f00-83fe36d9794f,bafc0768-b1ad-5f48-96fe-c45648308c8b,DEV-000092-1,tablet,iOS,2026-04-10T19:41:21Z,True
81572710-bf24-534a-8902-07928bda415b,b35d98d0-979f-5047-a718-092066791572,DEV-000093-1,mobile,macOS,2026-06-28T19:41:21Z,True
4c3bf2ae-5a8c-53db-9d0c-63efd8d8a820,62e5be73-7f90-55e0-a0cd-0e8174865410,DEV-000094-1,mobile,Android,2023-01-30T19:41:21Z,True
ae0549a3-b014-56f1-bda5-5e0511aedfb3,62e5be73-7f90-55e0-a0cd-0e8174865410,DEV-000094-2,tablet,macOS,2023-01-10T19:41:21Z,True
26323ce1-1171-5d0b-8acc-c60304a2aad6,d20b4bc9-265e-5232-a099-12fc7089b046,DEV-000095-1,tablet,macOS,2021-12-03T19:41:21Z,True
a6ab087b-2179-5da4-bc06-775c0785215c,54561408-aacd-5bc3-abee-1455e61da567,DEV-000096-1,desktop,iOS,2024-02-24T19:41:21Z,True
3ad91164-9bdf-5674-b54b-aebbb1af64c6,5692e80b-2fd4-5c75-9ab1-7045f94d44a7,DEV-000097-1,desktop,iOS,2024-09-27T19:41:21Z,False
dcd6c4e6-5a8f-568a-b40e-b969dd734241,50d27f92-1947-58b7-877f-83fa8f9dd836,DEV-000098-1,tablet,iOS,2022-01-22T19:41:21Z,False
a0dca523-d972-5124-90dd-96a1f1209ad0,db0def82-5480-5a78-8d9d-61e125efaf0c,DEV-000099-1,mobile,Android,2026-02-01T19:41:21Z,True
021cf3d3-4cfb-57a6-a80f-759f5553108c,db0def82-5480-5a78-8d9d-61e125efaf0c,DEV-000099-2,mobile,Linux,2026-01-08T19:41:21Z,True
26b50ad3-fc13-5fa1-9aee-a6277fa85ab0,15de46ab-4eea-5157-8f5d-33d8b3b55383,DEV-000100-1,desktop,macOS,2022-09-23T19:41:21Z,True
5b5d944f-e586-538b-b605-76013d404242,15de46ab-4eea-5157-8f5d-33d8b3b55383,DEV-000100-2,desktop,macOS,2022-08-25T19:41:21Z,False
e06a9499-82e3-5062-a9a9-1d3c24405a04,593f1e45-5865-5a4c-a146-f8b9828cffe4,DEV-000101-1,mobile,macOS,2021-10-10T19:41:21Z,True
d6101425-134b-505e-af87-764177e1b78e,8be9f993-2757-55a9-9ccf-09365048676a,DEV-000102-1,mobile,iOS,2025-01-16T19:41:21Z,False
f5cb8193-b16b-5fcd-be1c-a360814a8ed5,c543a1ed-8bef-5c5c-9540-4ba944a9c4c7,DEV-000103-1,desktop,Android,2025-01-27T19:41:21Z,True
d0042152-39dd-5f4c-8653-f3169eec7672,c543a1ed-8bef-5c5c-9540-4ba944a9c4c7,DEV-000103-2,desktop,iOS,2025-02-21T19:41:21Z,True
c7a055fe-11f7-52a4-b701-d85c492ce9a5,04cc837b-e974-5658-9044-d22ba156cc86,DEV-000104-1,desktop,macOS,2023-05-06T19:41:21Z,True
611ef7f0-c2fd-5f62-8762-198fe69757c6,b94d5bb2-a803-504c-8311-dd4e318945c5,DEV-000105-1,mobile,iOS,2022-04-28T19:41:21Z,False
43892ccb-e338-5720-a5e5-ce50c9c2101c,b9f96963-0518-57a6-b525-451d61069316,DEV-000106-1,desktop,iOS,2022-11-20T19:41:21Z,False
af38461e-bd9b-5163-a3f7-27502c8cf01b,599e6ecf-b076-5d03-baba-cc32268f8a09,DEV-000107-1,mobile,Windows,2023-08-03T19:41:21Z,True
0bcb2f8f-c7c8-5cff-8bb0-4247670b041e,599e6ecf-b076-5d03-baba-cc32268f8a09,DEV-000107-2,tablet,iOS,2023-05-19T19:41:21Z,False
11894c89-8657-57ce-a9bd-ae4414043e85,599e6ecf-b076-5d03-baba-cc32268f8a09,DEV-000107-3,desktop,macOS,2023-07-17T19:41:21Z,False
5be08974-3ed2-5743-bcb4-264e47b2d89d,42a93475-658d-5033-ac92-900f578db335,DEV-000108-1,desktop,Linux,2026-01-08T19:41:21Z,True
b2df173d-4632-5a25-b523-c5721dc0c045,42a93475-658d-5033-ac92-900f578db335,DEV-000108-2,mobile,Windows,2025-10-30T19:41:21Z,True
bf675792-4c9f-5db6-84a2-ac81add635e5,dddc6f3d-7488-5841-9d71-f29d4c6f1134,DEV-000109-1,desktop,iOS,2024-08-23T19:41:21Z,False
9139ff21-8703-54d5-907d-e3678959667c,b93331f8-e7b8-5688-968a-2876acf4c1ab,DEV-000110-1,tablet,macOS,2022-12-03T19:41:21Z,True
07124aa7-1898-56e9-886f-83d03f340129,b93331f8-e7b8-5688-968a-2876acf4c1ab,DEV-000110-2,mobile,iOS,2022-12-03T19:41:21Z,True
8c4cf37a-a0e8-50b9-9fb4-1a309e03180f,eca1b3a1-1dec-5227-93c0-335c3907360c,DEV-000111-1,mobile,iOS,2022-04-07T19:41:21Z,True
85a960f7-2ad7-51c8-b3b2-cd83092f4f7e,b57572f2-cece-52f2-b87f-5d01867ab887,DEV-000112-1,desktop,macOS,2024-09-13T19:41:21Z,True
b853fceb-0b6c-52e0-8ecc-e12aab70b006,98991e93-3879-5285-84e9-358b274f2eab,DEV-000113-1,desktop,Windows,2024-01-30T19:41:21Z,True
b5933a24-b9d2-514f-bdf2-f9670e74b90f,98991e93-3879-5285-84e9-358b274f2eab,DEV-000113-2,desktop,Linux,2023-12-22T19:41:21Z,True
c8a766b3-8d71-558e-befd-e208e9895acb,6aa78cb0-7735-5898-aa80-7fbb1be22514,DEV-000114-1,desktop,Windows,2024-07-25T19:41:21Z,True
b7fea079-e2ba-52c8-91c2-4e5516e52b75,6aa78cb0-7735-5898-aa80-7fbb1be22514,DEV-000114-2,tablet,Linux,2024-08-03T19:41:21Z,True
5a754512-b9bf-5b6d-8b09-7376d2751869,298e9f80-f6ab-577f-b50b-c96f82625457,DEV-000115-1,tablet,macOS,2022-01-07T19:41:21Z,False
fcfdcfc2-4a15-512c-a08b-5dbaf5e57d41,9ef56138-b7c7-5741-914b-85e736b3ef9f,DEV-000116-1,desktop,macOS,2022-05-23T19:41:21Z,True
a7d4fb85-3a38-56ab-acd3-fe1110ec6a2f,9ef56138-b7c7-5741-914b-85e736b3ef9f,DEV-000116-2,mobile,Windows,2022-06-07T19:41:21Z,True
663cc94f-a340-55a4-bd5a-9ca117fa26f7,9ef56138-b7c7-5741-914b-85e736b3ef9f,DEV-000116-3,desktop,Windows,2022-06-29T19:41:21Z,False
a4145cc5-6b72-5052-86eb-520b18da36d3,54eee953-529f-536f-8cc4-ddc41ba23253,DEV-000117-1,desktop,iOS,2023-11-12T19:41:21Z,True
9dec97f8-28f1-5b07-86e4-7825c61838d3,90e709e7-2ca0-5d5d-a541-e6062840bf97,DEV-000118-1,mobile,macOS,2022-08-18T19:41:21Z,True
165c74d4-18df-5643-87e6-67897771a6a3,90e709e7-2ca0-5d5d-a541-e6062840bf97,DEV-000118-2,tablet,Linux,2022-10-20T19:41:21Z,True
a3cce97f-c444-5a69-877a-e3e60afcb998,4787fcc8-287d-5a29-8bc4-2f6b6b67b027,DEV-000119-1,desktop,Linux,2026-06-26T19:41:21Z,True
c79a84f7-80a1-58b2-b1b4-bdbefd73a6fa,4787fcc8-287d-5a29-8bc4-2f6b6b67b027,DEV-000119-2,tablet,macOS,2026-06-23T19:41:21Z,False
ee3de2cf-2c21-51f1-ba9a-2111509e35dc,2c303dac-acd8-574e-8129-65a5a808e0f7,DEV-000120-1,mobile,Windows,2021-10-15T19:41:21Z,True
39cfbfbf-63b1-5d86-a407-636e17fe0743,ffbb6f2b-9730-58bf-ae62-155f6e9bd6b4,DEV-000121-1,desktop,iOS,2025-09-07T19:41:21Z,True
36037a76-eee8-5981-a95a-44262ccf76b6,ffbb6f2b-9730-58bf-ae62-155f6e9bd6b4,DEV-000121-2,mobile,macOS,2025-09-16T19:41:21Z,False
74e87ca7-fa44-5284-8568-a4f77b6caedf,a578d2b2-23e4-5b33-a415-1dd55afde4f5,DEV-000122-1,mobile,Linux,2022-05-06T19:41:21Z,True
115b712f-ec93-5db3-9694-db4ce790e259,59c792db-078c-502a-889f-49fa941d8d45,DEV-000123-1,tablet,Linux,2023-06-20T19:41:21Z,True
0b3d01de-cfb0-598f-8c44-fddb81c73be0,3ba28306-c996-5a26-98b1-89d729f110fc,DEV-000124-1,tablet,iOS,2025-07-21T19:41:21Z,False
69072bc5-782d-55b5-87ac-f617c193d055,a7404343-65bc-5e7d-8f0f-209393154b34,DEV-000125-1,desktop,macOS,2022-05-19T19:41:21Z,True
9dd742d6-8fb5-5b97-b4da-41c3f6049e8d,a7404343-65bc-5e7d-8f0f-209393154b34,DEV-000125-2,desktop,Linux,2022-08-13T19:41:21Z,True
ab0ff7d5-41a4-507b-b31c-7800746ca4cb,b35f6270-6c0f-5795-8cac-8b2b6cc86456,DEV-000126-1,desktop,Windows,2024-08-23T19:41:21Z,True
7ee7b3ad-993f-50f1-9d6f-1b49779b0ee9,94dfa6ee-ca68-54ba-99b6-2bdcb79b01ca,DEV-000127-1,desktop,Android,2026-05-02T19:41:21Z,True
8b9f14f6-2478-541f-a8af-2080ca0a8f6e,94dfa6ee-ca68-54ba-99b6-2bdcb79b01ca,DEV-000127-2,mobile,Windows,2026-02-12T19:41:21Z,True
a89e65cd-6b05-5300-9845-b9a6838f447a,3b779387-fba9-577d-8f5b-cfd58a536365,DEV-000128-1,tablet,macOS,2024-01-26T19:41:21Z,True
5d3a9876-8609-560d-b7c1-0c498c55a4c7,b5b90f95-ab92-5ebb-b8da-05c4c7e83a1c,DEV-000129-1,tablet,Android,2022-06-02T19:41:21Z,True
040da646-cb21-5345-85b6-e7ad483c3e7c,b5b90f95-ab92-5ebb-b8da-05c4c7e83a1c,DEV-000129-2,tablet,Android,2022-07-20T19:41:21Z,True
41dd5289-daa4-5409-828c-5b756b2c9298,660f3a04-f568-53bf-b09e-625b8cf5dd28,DEV-000130-1,tablet,Linux,2023-02-01T19:41:21Z,True
bd9c8496-a78f-53de-a8c9-92ae4597a482,c970a18d-5896-5d62-9f47-a55a22fc8050,DEV-000131-1,mobile,Windows,2023-09-17T19:41:21Z,True
37279393-408a-515d-83b5-f4d60c00b6e8,c970a18d-5896-5d62-9f47-a55a22fc8050,DEV-000131-2,mobile,macOS,2023-09-08T19:41:21Z,False
475779bb-16c8-5f1b-a1e3-26020cae135f,95beb9ed-3e77-5bf8-b8f5-79f62922f2f5,DEV-000132-1,mobile,Windows,2021-12-30T19:41:21Z,True
a58e75a0-e1b8-581d-8348-7eb604a5de5d,8fd8dd49-ba00-55d6-ae41-587e694b1b15,DEV-000133-1,desktop,iOS,2023-06-10T19:41:21Z,True
76b811d3-0a53-5ae0-bf0b-b05dc50a75cc,c8a72d79-a456-5527-90fd-2b76ea9ce074,DEV-000134-1,mobile,Windows,2026-07-02T19:41:21Z,False
8227fa1d-84c2-5a9b-ada8-49d5a6a2e14a,c8a72d79-a456-5527-90fd-2b76ea9ce074,DEV-000134-2,desktop,Linux,2026-03-29T19:41:21Z,True
afd5d85c-264b-5e49-81c1-74c831455e68,cb3bf591-3a58-53b7-b46d-2cba567142c8,DEV-000135-1,desktop,Windows,2023-07-23T19:41:21Z,True
53cedc4f-7d0d-52eb-87f1-0c42f63b8ef5,efc91ccb-0257-5fc4-b82f-5b023916f4c6,DEV-000136-1,mobile,Android,2021-11-11T19:41:21Z,True
4292e0e7-1ea8-5100-8043-4938f5026dbc,27b221f7-6e40-5bb5-8fe0-e147569accf7,DEV-000137-1,desktop,Android,2024-12-16T19:41:21Z,True
f5297ed9-c83a-5136-8fa8-aedc44e4d2f1,27b221f7-6e40-5bb5-8fe0-e147569accf7,DEV-000137-2,mobile,iOS,2025-01-11T19:41:21Z,False
b470f916-daf2-5e13-85a9-d70d93258f04,f421ff0f-df54-5e40-a2d2-365f8ad464bf,DEV-000138-1,mobile,Windows,2024-05-17T19:41:21Z,True
4a88dc97-15ef-5ffb-87cb-9a58da8ddd72,f421ff0f-df54-5e40-a2d2-365f8ad464bf,DEV-000138-2,mobile,Linux,2024-06-27T19:41:21Z,True
70d21ed0-a659-57b3-b8a8-30571b580387,f421ff0f-df54-5e40-a2d2-365f8ad464bf,DEV-000138-3,desktop,iOS,2024-07-19T19:41:21Z,True
ccf56281-b740-5aa0-bcd5-34010b368372,37a86eba-d801-53e1-8350-f60fccb91fe5,DEV-000139-1,tablet,iOS,2023-01-08T19:41:21Z,True
1092df73-2307-557d-8bc7-055b980d5b95,37a86eba-d801-53e1-8350-f60fccb91fe5,DEV-000139-2,mobile,macOS,2023-02-17T19:41:21Z,True
0d938c40-819e-5786-9fde-67bc8a87ca85,a39b6050-3a5c-502f-ad56-8a990b2f002b,DEV-000140-1,desktop,Linux,2024-04-18T19:41:21Z,True
9cbb2578-68e3-5099-9684-57e972518018,a39b6050-3a5c-502f-ad56-8a990b2f002b,DEV-000140-2,desktop,Android,2024-04-15T19:41:21Z,False
9a5f92c2-912b-5682-874b-132b531e72d7,a39b6050-3a5c-502f-ad56-8a990b2f002b,DEV-000140-3,desktop,Linux,2024-07-16T19:41:21Z,True
8747e2bd-c47c-5f0a-b1f4-d00e1584e8c7,a42510e8-f8ec-561c-be37-ed68448fc630,DEV-000141-1,mobile,iOS,2021-10-20T19:41:21Z,True
53f0b480-6d66-5599-99b1-0be7875a71e6,4c85cf24-07c4-5f0f-a366-f540a84db290,DEV-000142-1,desktop,Android,2021-08-29T19:41:21Z,True
86dc2013-5e51-5ace-8af0-654a43764dbb,50af95b3-f999-57f4-9b8c-d28362415a7b,DEV-000143-1,tablet,Android,2024-01-03T19:41:21Z,True
b39d4df4-665c-5b6e-852c-45e17c5d67db,50af95b3-f999-57f4-9b8c-d28362415a7b,DEV-000143-2,desktop,Windows,2023-12-15T19:41:21Z,False
1d84ebab-d41b-5a14-b56e-fe71d9ff5c9b,a301aa90-c234-5a96-8917-726778b2f9bc,DEV-000144-1,tablet,Windows,2025-02-02T19:41:21Z,True
b5e968c0-a4ae-5f22-b03b-f43ecab05893,a301aa90-c234-5a96-8917-726778b2f9bc,DEV-000144-2,tablet,Windows,2024-12-20T19:41:21Z,True
8bef6e20-ac66-5c05-84fb-5088f9d38083,3005c7f3-c6af-590b-bd72-f92c95d0a324,DEV-000145-1,mobile,Windows,2024-07-29T19:41:21Z,True
77bab58e-5e9d-5f5a-b2b2-2ac19ebab73e,9b5a70db-813d-5741-8c7b-90305ac8f98f,DEV-000146-1,mobile,Linux,2021-10-13T19:41:21Z,True
bdc66ab6-73e6-52f2-bc74-470e54726191,9b5a70db-813d-5741-8c7b-90305ac8f98f,DEV-000146-2,mobile,Linux,2021-10-29T19:41:21Z,True
fb41e2fc-7367-5ba0-9803-d178d59674f6,653c707d-2992-5264-8bea-57f13cadae53,DEV-000147-1,desktop,Android,2025-09-09T19:41:21Z,True
89a5086f-2c1f-54f6-a503-5c1f3d121103,4e61245c-c31c-57ba-aec8-1d1f839f0490,DEV-000148-1,mobile,iOS,2025-05-13T19:41:21Z,False
f4f173f8-d7ec-50ad-b34b-c057c49f940d,e2b04b6f-89d3-5ee3-ad14-f9effcb921dd,DEV-000149-1,mobile,Windows,2023-12-22T19:41:21Z,True
b443facd-328d-5524-8b2e-b221c85d6e5a,b7bb45df-760f-5ace-a201-d0e82587b6db,DEV-000150-1,tablet,Android,2024-07-31T19:41:21Z,False
d7c5d2bf-f9a1-559e-b219-c6cfb6006204,85def8c7-2e05-51ea-8840-1c618303c021,DEV-000151-1,tablet,macOS,2024-06-25T19:41:21Z,True
6d1c8c42-2519-5efb-a6f7-7f4502ec4d92,412020a0-f3af-5f6a-be6f-89a08cf85ccf,DEV-000152-1,desktop,macOS,2025-12-19T19:41:21Z,True
915ada54-2f3d-58e6-8d43-39612b5f1e97,afa11624-cbad-5071-94b2-193c491a5b7f,DEV-000153-1,tablet,Android,2024-05-26T19:41:21Z,True
608535ca-8a7b-51cf-aa42-0b9812fa4925,bd4e18c8-a5f7-58d4-94d0-f2be474ab414,DEV-000154-1,mobile,Android,2022-09-19T19:41:21Z,True
df7b210a-07a0-56de-a1a7-8ac17a77f131,f526213e-0528-5222-a852-8955503d5d99,DEV-000155-1,mobile,Linux,2026-01-20T19:41:21Z,False
a0ceebc8-1478-51c2-8525-3bf22ae17803,33947201-5e61-5a5d-8a01-36030c828311,DEV-000156-1,tablet,macOS,2025-06-20T19:41:21Z,False
dd0e601e-0e71-5138-aae5-e86134e709f8,33947201-5e61-5a5d-8a01-36030c828311,DEV-000156-2,desktop,Android,2025-06-22T19:41:21Z,False
3116d66a-4d78-5ea7-a762-c79c5e5106c7,7321d9b9-c334-5939-8f7e-44bc35aff205,DEV-000157-1,mobile,Android,2024-07-19T19:41:21Z,True
8aca2440-aa8b-543a-a5b8-f489ea94c301,7321d9b9-c334-5939-8f7e-44bc35aff205,DEV-000157-2,desktop,macOS,2024-08-29T19:41:21Z,True
398a5232-5590-552c-b135-a34da0837a5d,31e205f2-1731-57e8-b04a-c2a06e395a2b,DEV-000158-1,desktop,Android,2024-08-21T19:41:21Z,True
91b0e451-0d21-5a5e-8268-869090d4f8f1,a635e24c-0915-59d4-a0e0-908f70128547,DEV-000159-1,tablet,iOS,2022-07-26T19:41:21Z,True
d272017d-0051-56bb-b2ae-540e3053eecd,a635e24c-0915-59d4-a0e0-908f70128547,DEV-000159-2,desktop,iOS,2022-07-10T19:41:21Z,True
69e88be4-d8c4-516f-b04b-cdbf5f882fce,b28241d9-e3ba-518d-a0de-9d6d4ba7f33d,DEV-000160-1,desktop,Windows,2024-12-04T19:41:21Z,False
d104dc3a-4d99-5e44-99ca-0d9310b4e278,b28241d9-e3ba-518d-a0de-9d6d4ba7f33d,DEV-000160-2,desktop,macOS,2024-11-12T19:41:21Z,True
de16b477-7f7b-5ac9-92d0-a2cc7be92067,0347aa39-095a-5630-a7ac-49cb9145a368,DEV-000161-1,desktop,Windows,2021-09-24T19:41:21Z,True
b624bba9-0528-5e83-bc82-dc2af3d0e6f3,0347aa39-095a-5630-a7ac-49cb9145a368,DEV-000161-2,tablet,Android,2021-12-24T19:41:21Z,True
c64ef1f8-69c7-5bec-9556-a2304b264217,98e147b8-96a3-547a-a97e-dab4ae287716,DEV-000162-1,mobile,Linux,2022-04-22T19:41:21Z,True
e29d4768-0b7d-568e-8b2c-bd60a82c25d5,6c001d29-be99-5a46-80cf-df9f96d87375,DEV-000163-1,desktop,Windows,2022-03-23T19:41:21Z,True
3d34a601-ffd6-5a9e-9a64-8b2e4ed6384f,5efe890a-54c3-52a2-9a30-6713eef84694,DEV-000164-1,mobile,Windows,2026-02-17T19:41:21Z,False
d0ceea89-9cc0-5816-b796-28aa4c4382e9,02e2d097-51f7-5128-9753-64bd190f9684,DEV-000165-1,mobile,Android,2022-02-18T19:41:21Z,False
6d1377dc-19ad-5ffd-a7e8-db9b1cc5acde,f7330718-6c29-5081-afd6-9c5fa33b3de9,DEV-000166-1,mobile,macOS,2023-10-15T19:41:21Z,True
66ed13cb-2edf-5b21-8e91-aa342ba3fd34,bfa68ee4-1563-53e2-9f4d-2fb301f4e2b3,DEV-000167-1,mobile,Android,2024-11-14T19:41:21Z,True
d06dcf68-b954-5a08-a36a-3e3d5834cb40,51d867ab-33a8-5f06-a196-f68dabecbbd3,DEV-000168-1,mobile,macOS,2022-06-15T19:41:21Z,False
5341a848-9ee4-577b-8fd9-2ec2eedf7306,78994452-7e9d-5ab6-afa7-8042f5e01f2a,DEV-000169-1,mobile,Linux,2022-08-09T19:41:21Z,True
bb012f10-c1b3-5fe4-b02d-ac3e457a9346,10dfe787-66a4-58fb-ac41-c64927589efc,DEV-000170-1,tablet,macOS,2023-08-12T19:41:21Z,True
045850d6-de3a-5d2a-8830-28fedd8e6159,10dfe787-66a4-58fb-ac41-c64927589efc,DEV-000170-2,mobile,iOS,2023-09-24T19:41:21Z,True
b7ae73e2-80ad-54b8-8dd2-b5216cf95e44,10dfe787-66a4-58fb-ac41-c64927589efc,DEV-000170-3,mobile,Linux,2023-09-24T19:41:21Z,False
8b5d6246-0620-5f7e-9a1e-02903ccbb77b,3741f657-276d-5a44-b751-bc66453a4793,DEV-000171-1,desktop,Windows,2026-02-23T19:41:21Z,True
cae2cd21-7e91-5e24-a706-496a30396476,3741f657-276d-5a44-b751-bc66453a4793,DEV-000171-2,desktop,iOS,2025-11-25T19:41:21Z,True
1b68e86e-3680-58ba-8f23-eb66f11027a0,217e38fd-6077-5031-99d4-acecf008951e,DEV-000172-1,desktop,macOS,2024-09-21T19:41:21Z,False
62bad08f-865c-55a5-9cc3-81496e1f673e,422dae6b-05d7-57a1-8867-a7589887c572,DEV-000173-1,tablet,Android,2022-07-21T19:41:21Z,False
d1d9f924-261c-576f-a3b0-b5a75c49c91b,422dae6b-05d7-57a1-8867-a7589887c572,DEV-000173-2,mobile,macOS,2022-07-16T19:41:21Z,True
49d1f3e8-c3cf-55d1-90d4-82a802b0a2d3,c9561278-485b-545a-aee4-06de2ace92b5,DEV-000174-1,tablet,Android,2026-05-21T19:41:21Z,True
d7784ba8-0269-5a11-b5f4-a5fc9b8739ac,55ff0b66-b416-53cc-b968-071bdb061338,DEV-000175-1,mobile,iOS,2023-01-04T19:41:21Z,False
62477da0-15b4-5ef3-9a0e-3445cbc8e429,5c507a5e-c155-53cb-aea5-fd831871e8fe,DEV-000176-1,tablet,macOS,2023-11-25T19:41:21Z,True
fdc3cbd4-4d99-592b-979a-9b3125597bd4,5c507a5e-c155-53cb-aea5-fd831871e8fe,DEV-000176-2,mobile,Android,2024-01-29T19:41:21Z,False
5da4a294-b1ee-58c0-8af0-6144a3761bb2,e37cc504-0288-514a-9f55-735ab17ba7f8,DEV-000177-1,tablet,macOS,2022-04-23T19:41:21Z,True
f45d6f12-345e-5f47-bc46-6e2dda1d9287,605920af-7af6-5569-8511-bd2619cb19cb,DEV-000178-1,tablet,Linux,2021-07-22T19:41:21Z,False
68d2c225-ad61-5183-ac28-d59df34a22a5,44d061bb-f1e2-50c3-9412-a208e38e3c76,DEV-000179-1,desktop,Linux,2024-03-02T19:41:21Z,False
1e98c557-5de9-5ad2-bba5-01fd2c0a360e,44d061bb-f1e2-50c3-9412-a208e38e3c76,DEV-000179-2,desktop,Linux,2024-03-07T19:41:21Z,True
2783beeb-f48d-5438-8aad-11b9ac1aa76d,5eb4a93a-4cbe-51df-b3e4-0afa0c070176,DEV-000180-1,desktop,Windows,2024-12-16T19:41:21Z,True
e6d140e2-2217-5227-9b52-d012a491adb4,5eb4a93a-4cbe-51df-b3e4-0afa0c070176,DEV-000180-2,tablet,Android,2024-10-24T19:41:21Z,True
ec241206-2a08-5020-9d3c-17eae2c13c48,240e6c4e-d50e-5625-9984-c7e3d5511709,DEV-000181-1,mobile,iOS,2023-10-30T19:41:21Z,True
fd7db6f3-1c12-5f58-b76b-31d4ebe567d1,fa54747a-59c0-50d5-bb0b-2ffbc33befa3,DEV-000182-1,tablet,macOS,2024-10-06T19:41:21Z,True
3eec6b4a-b149-5711-a00f-c3e166689d70,fa54747a-59c0-50d5-bb0b-2ffbc33befa3,DEV-000182-2,tablet,iOS,2025-01-02T19:41:21Z,False
4df5ecec-4bd3-54af-bc2a-f26487453fef,e5d2e4c0-1d75-5a52-8875-0b5d54ea187e,DEV-000183-1,mobile,iOS,2023-04-04T19:41:21Z,True
b4053c7d-8363-506b-8a89-e2653b1c5022,1d788d70-3c22-514f-bd38-20a40aad126d,DEV-000184-1,mobile,Windows,2024-01-26T19:41:21Z,True
0d32cecf-4307-53e0-89ff-141b5a32f9e1,1d788d70-3c22-514f-bd38-20a40aad126d,DEV-000184-2,mobile,Linux,2023-11-28T19:41:21Z,True
26ba6fa7-f9ff-5b87-aecb-814b601ea399,44f876e1-6aff-5fbc-9174-37e711517d88,DEV-000185-1,desktop,macOS,2024-05-30T19:41:21Z,True
d0224722-91a6-5270-b073-595bbc0ddadf,e59c2824-0314-511f-bf45-9af471ad5aa6,DEV-000186-1,mobile,iOS,2021-11-18T19:41:21Z,True
0d19f89a-9f53-5d68-951a-0973b1e16429,f3811b4e-1715-5f78-a463-16d30cf74de3,DEV-000187-1,mobile,iOS,2022-06-21T19:41:21Z,True
8a76e264-6e97-5214-b872-e8898172b6de,f3811b4e-1715-5f78-a463-16d30cf74de3,DEV-000187-2,mobile,Windows,2022-08-22T19:41:21Z,True
656f19a0-c752-5ec5-a27d-6654e6e919d6,051eb652-1cb8-5ac3-a3dd-c17d2bac74ad,DEV-000188-1,mobile,Windows,2024-06-08T19:41:21Z,True
e75551e6-b1b9-5f5d-92e7-29a70511179c,a1b1d9a2-830c-5648-84d2-78353ac6232a,DEV-000189-1,tablet,Android,2025-11-27T19:41:21Z,True
97cc72e3-c6e7-5f71-aefc-c03602e1d5ea,3953e3e3-4547-5012-8f7c-9ab8adba62b8,DEV-000190-1,tablet,Windows,2026-02-13T19:41:21Z,True
c2e7375f-f2ff-5031-aad9-441c24447bbc,ca19b239-60b6-5f57-8809-ed0c3e7cf1bd,DEV-000191-1,tablet,iOS,2024-01-07T19:41:21Z,True
10a7cdc8-f4b2-5b96-8543-77cade60afc7,fd292653-d979-5dac-878d-b396a0deec30,DEV-000192-1,tablet,Windows,2024-10-02T19:41:21Z,False
0f9acec1-b0db-5769-b8b1-648958494611,0c7427bb-dffa-549c-88cd-730574ccef12,DEV-000193-1,tablet,iOS,2022-03-25T19:41:21Z,False
7fdc24b2-d4e3-5011-a16d-f08e55fbf6f7,0c7427bb-dffa-549c-88cd-730574ccef12,DEV-000193-2,tablet,Android,2022-04-06T19:41:21Z,True
46ea5ace-164d-5a20-ba6a-a7f0938a37ff,25410391-656d-5803-a756-2a3b9611677d,DEV-000194-1,tablet,Android,2024-07-01T19:41:21Z,True
28ee7be1-c658-5c46-95aa-4281220d1dbc,25410391-656d-5803-a756-2a3b9611677d,DEV-000194-2,desktop,Android,2024-04-18T19:41:21Z,True
e3f4d2a8-05e9-5685-8608-281333e72594,2473de31-4ae5-54af-ae38-d61ec84227c6,DEV-000195-1,tablet,Windows,2025-05-08T19:41:21Z,True
b09abf39-6fb6-5efd-a4c2-6012b104a06e,3b2b1bce-1795-57bf-9890-5e31526b6c9e,DEV-000196-1,mobile,Linux,2024-07-18T19:41:21Z,True
3e5e0f7d-00f8-544c-a957-0a12fea54671,3b2b1bce-1795-57bf-9890-5e31526b6c9e,DEV-000196-2,desktop,Android,2024-04-26T19:41:21Z,True
479041ef-7eeb-5288-b5a9-786e86a2f645,d817e2ab-4861-58fe-9739-caf0d9f03221,DEV-000197-1,mobile,Android,2025-06-10T19:41:21Z,True
1a0dfcc8-f3a0-5261-9816-159377a3a600,36e2fbe1-8cf4-5d0d-b874-e52c16742278,DEV-000198-1,desktop,Linux,2025-07-07T19:41:21Z,True
c392df95-ff21-57ac-9455-e7a0f37e99d8,b1a03f05-6290-5f91-a174-1c5a19b9010a,DEV-000199-1,tablet,iOS,2024-01-20T19:41:21Z,True
83519c6d-33e1-5689-b69c-a6397e1d6b42,b1a03f05-6290-5f91-a174-1c5a19b9010a,DEV-000199-2,mobile,macOS,2023-12-23T19:41:21Z,True
0ede199d-d69b-58f3-a08c-ff9b09591e7d,b1a03f05-6290-5f91-a174-1c5a19b9010a,DEV-000199-3,tablet,Linux,2024-01-13T19:41:21Z,True
e0f089c2-0451-5355-8997-b8b188e4db60,319d2f15-1669-585a-bcbe-ff9b5e8becea,DEV-000200-1,desktop,Android,2026-05-13T19:41:21Z,True
0f4b0271-e5aa-5d17-987d-409a7a919f6a,d89381c0-ec0b-50df-8031-50d2af3bd704,DEV-000201-1,desktop,Windows,2025-07-11T19:41:21Z,False
360690bd-b748-5479-af49-418879b2cbb2,d89381c0-ec0b-50df-8031-50d2af3bd704,DEV-000201-2,tablet,Windows,2025-06-10T19:41:21Z,True
198f4260-a682-5fb7-bb26-492e48e36b22,31200945-107b-5263-8fc8-3c7ce1291e02,DEV-000202-1,tablet,iOS,2023-06-15T19:41:21Z,True
906fc768-b93e-5337-a192-1540abc9126c,31200945-107b-5263-8fc8-3c7ce1291e02,DEV-000202-2,desktop,Android,2023-03-24T19:41:21Z,True
5d250546-df6f-5639-86ea-124e442e1782,f0056f6e-9cc5-5193-9341-97812ef6838b,DEV-000203-1,tablet,Windows,2023-02-04T19:41:21Z,True
7ac00d6f-15c2-5586-bc1e-b6910c7d9856,f0056f6e-9cc5-5193-9341-97812ef6838b,DEV-000203-2,mobile,macOS,2022-12-31T19:41:21Z,True
ce826033-43eb-5e5b-a3d3-0f438795117e,347b0de0-ec19-5207-a69c-62d0504c7e62,DEV-000204-1,desktop,macOS,2026-03-29T19:41:21Z,True
683a590a-cb48-5bcb-abd3-c1ace0c8b0a7,347b0de0-ec19-5207-a69c-62d0504c7e62,DEV-000204-2,tablet,iOS,2026-05-11T19:41:21Z,True
a2992842-61f5-52c3-be44-2e9adcd7ac8b,14471151-0efa-5952-8f0f-88606f9276b4,DEV-000205-1,tablet,iOS,2023-03-13T19:41:21Z,True
43eaff44-9f08-52dd-9b9d-ee28b3107a9e,c773a978-2ad0-5f2f-9361-84b0503ad6d1,DEV-000206-1,tablet,iOS,2025-01-04T19:41:21Z,True
76a710aa-69c1-52ef-a507-23e0c57cb76b,c773a978-2ad0-5f2f-9361-84b0503ad6d1,DEV-000206-2,desktop,iOS,2024-12-22T19:41:21Z,True
bd116fa2-7efc-5a00-90b9-a7372bf5720b,732e1e4b-9f60-5976-93a0-8c7486aef7c9,DEV-000207-1,desktop,Android,2024-07-26T19:41:21Z,True
8360dc32-f75e-5450-bba0-ca7655ff9033,732e1e4b-9f60-5976-93a0-8c7486aef7c9,DEV-000207-2,desktop,Android,2024-05-22T19:41:21Z,True
0e076347-0f36-5694-99c8-c8facf81598f,665044c6-dece-510d-8016-05373a308ec4,DEV-000208-1,tablet,iOS,2025-06-12T19:41:21Z,False
7b8576ff-61ad-55b9-980b-d480146cd622,665044c6-dece-510d-8016-05373a308ec4,DEV-000208-2,desktop,Linux,2025-04-05T19:41:21Z,False
24e30bde-ba50-52c8-8e98-fe0aafaabb02,a934f7c6-e3a1-5026-abd1-dd10e337058b,DEV-000209-1,tablet,Android,2022-02-28T19:41:21Z,True
c00c7ba6-9b11-5b4e-80ab-790a7202cda7,e8d45c36-f48d-5050-9f85-a1a2664cf085,DEV-000210-1,mobile,macOS,2026-05-15T19:41:21Z,True
a3ae17d3-95cf-5717-a63c-f6c76adc3dec,9e95b3f7-a292-5ee7-872e-ca11c7639aa3,DEV-000211-1,tablet,Android,2021-08-30T19:41:21Z,True
2194f73d-ffec-511c-8594-2231f49f7b2c,9e95b3f7-a292-5ee7-872e-ca11c7639aa3,DEV-000211-2,mobile,macOS,2021-09-02T19:41:21Z,True
ac5b5c95-ff7d-5efa-8516-33bb11c88483,ab2c94ac-a445-5a65-88a1-326bf961d97a,DEV-000212-1,desktop,Linux,2025-01-28T19:41:21Z,True
26322f72-17d7-525c-950a-23cca2cb8032,6db9b854-9d0b-56bb-823f-ae2101b82789,DEV-000213-1,tablet,macOS,2025-12-01T19:41:21Z,True
29cbfa86-2837-5017-b19a-2aa320b076cc,ad8b0bc2-9891-5e27-9466-27e69ba597aa,DEV-000214-1,desktop,Windows,2022-12-16T19:41:21Z,False
41c6abbf-50fc-5dba-b05f-31ec5d8d79b8,4c3e3b78-ce2c-504e-b187-7640efde941d,DEV-000215-1,mobile,iOS,2022-06-03T19:41:21Z,False
10e65980-6fe6-5fa9-872f-fda79d52bf75,96f11b34-cd99-5374-8ae2-2f4c5b741e78,DEV-000216-1,mobile,Android,2023-07-14T19:41:21Z,True
c96e7f8f-b1af-59ec-a180-59d01dcc322d,ace7021d-b225-5b77-ae80-c8b9bdba955c,DEV-000217-1,tablet,Linux,2021-08-12T19:41:21Z,True
cc38f197-1afd-5083-9da1-2c847b5e8300,ace7021d-b225-5b77-ae80-c8b9bdba955c,DEV-000217-2,desktop,macOS,2021-08-26T19:41:21Z,True
7fc996c6-fe1d-523a-b653-dcb4b8fb0910,5f6835a2-f690-5741-9569-d686cbdb4f1d,DEV-000218-1,desktop,Linux,2024-04-25T19:41:21Z,True
5b42e98f-42a8-5085-83f0-0fa72b330964,5f6835a2-f690-5741-9569-d686cbdb4f1d,DEV-000218-2,tablet,Windows,2024-04-20T19:41:21Z,False
4aebed7e-385a-553f-9bee-6cd2d883f79f,edf5a75d-956c-56b1-8047-b3d86a5481a1,DEV-000219-1,desktop,Android,2025-09-02T19:41:21Z,True
83e73b6c-c419-560a-9a98-bce636a677f9,edf5a75d-956c-56b1-8047-b3d86a5481a1,DEV-000219-2,mobile,Android,2025-06-22T19:41:21Z,True
05c06daf-0e82-5ad2-8ef5-2a1eabc8a863,e7c2b0d3-b9d2-5d88-9873-3b3fe91b1e51,DEV-000220-1,desktop,Android,2022-06-24T19:41:21Z,False
63bb1048-b21a-535c-8cc5-c3eb900a9b71,b96c6e5b-a36d-545a-83bd-926b7bc75a16,DEV-000221-1,mobile,Android,2023-10-28T19:41:21Z,False
39daae33-a437-50a0-8269-35743d4c2800,b96c6e5b-a36d-545a-83bd-926b7bc75a16,DEV-000221-2,mobile,iOS,2023-10-04T19:41:21Z,False
b47874a7-681c-561f-bfe7-9bc1477e1b14,ff7df110-a95c-565a-bae2-ad03be164a62,DEV-000222-1,mobile,Android,2024-02-23T19:41:21Z,True
b7c0ba8e-fdc5-5562-bea3-ef93a9bab93d,09d02700-0cfe-55f6-99c5-35c1e4631cb2,DEV-000223-1,tablet,Windows,2025-09-04T19:41:21Z,True
a4c0f686-1f11-5b09-a9f8-17825272c685,89835884-7eb3-5f46-9194-e9c1cc30ffd0,DEV-000224-1,desktop,Linux,2022-06-16T19:41:21Z,False
d05fe40c-a30a-5c7a-a425-516fdbc8b5b0,6e2801d8-4604-5568-8c62-96b698e2396d,DEV-000225-1,desktop,iOS,2024-08-10T19:41:21Z,False
3f7f582a-91f3-55e1-95c0-07b4832484a1,fcf5f977-af7f-5399-9603-42db54c799d2,DEV-000226-1,desktop,Windows,2021-08-17T19:41:21Z,True
19b6a959-471e-5309-ba97-e015cd1aba4a,1af2c3fe-ad55-5c60-96b9-882f775498cc,DEV-000227-1,desktop,iOS,2022-09-20T19:41:21Z,True
f0a29370-e0e9-57ac-9590-04b414f04d52,1af2c3fe-ad55-5c60-96b9-882f775498cc,DEV-000227-2,tablet,iOS,2022-08-06T19:41:21Z,True
03fd3352-8e3b-59f4-82cb-2e6024c8cc16,45983dd7-9eef-549e-8cc2-e370fa782f24,DEV-000228-1,mobile,Linux,2022-01-06T19:41:21Z,True
105710c8-6e09-59bd-9067-72c5dbabd911,ccc32909-39c9-57f4-8094-8cf57bd24d62,DEV-000229-1,desktop,Windows,2024-06-21T19:41:21Z,True
3a40ccaa-eced-59ea-b8ec-0e0d4c3698eb,8f407808-68fe-5642-bb60-b2a1cee49551,DEV-000230-1,mobile,Windows,2021-08-28T19:41:21Z,True
e0366be6-f2ff-5185-9bcf-f24b4f732d14,853b0ae9-4b5d-579c-8e59-6a82917d1b7d,DEV-000231-1,tablet,Android,2026-03-31T19:41:21Z,True
751fd734-51f7-57ad-bbf5-0eb9e8667058,956c7be7-3949-501d-8b90-3fd589a540e0,DEV-000232-1,mobile,Windows,2024-03-02T19:41:21Z,False
da1dbac3-ee2f-5397-a569-d2e86a5753e7,b94e189e-a997-5de1-865b-83d4e3565be7,DEV-000233-1,tablet,macOS,2022-04-02T19:41:21Z,True
f7617e56-f708-5580-b547-b66b0a7261af,21e4630e-386a-57e9-80f0-e1403a750f6a,DEV-000234-1,desktop,Linux,2021-12-12T19:41:21Z,False
8df9fdf0-ed5f-523a-bbad-8098e1cfac14,21e4630e-386a-57e9-80f0-e1403a750f6a,DEV-000234-2,desktop,Linux,2021-12-12T19:41:21Z,True
f2147d4d-b749-5b68-b564-5129019cd01c,8942b3f4-0467-5e7b-9aab-0bc355e38382,DEV-000235-1,mobile,Windows,2022-02-23T19:41:21Z,False
e66440da-1a45-5789-aba3-4193d4c9ca98,8942b3f4-0467-5e7b-9aab-0bc355e38382,DEV-000235-2,tablet,Android,2022-02-01T19:41:21Z,True
d97f12a5-3759-5896-bfd5-878bca73c73f,d13e7403-a67a-54cb-9276-ce4b4b7e1733,DEV-000236-1,mobile,iOS,2025-07-18T19:41:21Z,True
16f7319b-35bf-5b94-a63d-b9f69bd37eb3,d13e7403-a67a-54cb-9276-ce4b4b7e1733,DEV-000236-2,desktop,Android,2025-06-07T19:41:21Z,True
c6776ee0-6296-5b02-a5d6-60ca45a21b68,9b8d3bf4-93d9-5891-b597-bdd5b2a4f0b0,DEV-000237-1,desktop,Linux,2023-12-05T19:41:21Z,True
91e1ca11-9450-5cb7-b7db-acf5bb71363c,97bac0a7-429b-569b-a802-6508a395f561,DEV-000238-1,desktop,Windows,2023-05-23T19:41:21Z,True
3b568bb4-4fb6-559f-83ff-5d702b69ad89,97bac0a7-429b-569b-a802-6508a395f561,DEV-000238-2,mobile,Windows,2023-08-13T19:41:21Z,False
a6beaf42-6880-5929-9f74-bc947ffdfcc8,dc260497-ead2-5b47-9b29-ad88ee8a765d,DEV-000239-1,tablet,Windows,2025-08-05T19:41:21Z,True
6ffd9f22-481b-5599-ba03-3422baebb18b,dc260497-ead2-5b47-9b29-ad88ee8a765d,DEV-000239-2,mobile,Android,2025-08-22T19:41:21Z,True
7eb3514b-8873-5309-936d-478d8a1b6cd2,dc260497-ead2-5b47-9b29-ad88ee8a765d,DEV-000239-3,mobile,Windows,2025-09-05T19:41:21Z,True
b10f12fa-ff7e-5791-b448-03178e3f64e2,8677c408-32a2-5c18-a5f1-6cf5593b72d1,DEV-000240-1,tablet,Windows,2025-06-15T19:41:21Z,True
9b452d17-d9d7-5e8c-b31a-11a4ea6f6e72,8677c408-32a2-5c18-a5f1-6cf5593b72d1,DEV-000240-2,mobile,Android,2025-06-19T19:41:21Z,True
77e43d7f-7a3e-592c-91f1-e998f54decf4,d73ef1e6-584b-513b-8206-8c192050f16f,DEV-000241-1,mobile,Windows,2025-02-16T19:41:21Z,True
d7ce1b65-00b4-5fc1-9511-afcb84040b9d,27e33c01-360d-57a1-94fb-ce348126198c,DEV-000242-1,tablet,Linux,2025-07-03T19:41:21Z,True
0040fedb-f2a7-500f-92c0-e504ecf388ca,33449241-aec2-54c9-9e82-50e568a9cb5b,DEV-000243-1,desktop,Windows,2021-10-24T19:41:21Z,True
889ca9c1-48f4-5e6e-b423-c834d1f5d8d2,4784067c-cfcf-550c-906a-e04a7da8f984,DEV-000244-1,desktop,iOS,2026-01-16T19:41:21Z,False
4b861a65-a423-596b-abd7-30152e4de556,b04876d7-7a53-5407-99a0-deac95be13e4,DEV-000245-1,tablet,Linux,2025-02-05T19:41:21Z,True
0bc88e1e-9527-591f-9554-43ec3c323a9c,b04876d7-7a53-5407-99a0-deac95be13e4,DEV-000245-2,desktop,Linux,2025-01-06T19:41:21Z,True
3af9f35b-77ec-518e-a38c-05f871e31406,b210cfc9-5ea1-5e1e-ba1a-85259ef3b988,DEV-000246-1,mobile,Linux,2022-11-09T19:41:21Z,True
d2ea032a-0fff-591f-b76a-57266906a0b8,b210cfc9-5ea1-5e1e-ba1a-85259ef3b988,DEV-000246-2,mobile,macOS,2022-10-06T19:41:21Z,False
7b28f7c8-1cdf-56e0-8e48-1255ef2b458e,b210cfc9-5ea1-5e1e-ba1a-85259ef3b988,DEV-000246-3,tablet,iOS,2022-10-20T19:41:21Z,False
12ce4291-23dc-53da-a57f-4008a5e4ad76,69e6f5d7-a817-5ea5-922d-6853b34194ae,DEV-000247-1,mobile,iOS,2022-10-26T19:41:21Z,True
4877a849-61f4-5922-8bf1-03e68fffbc90,44869288-a9b6-5e7f-a812-0a451544fbf6,DEV-000248-1,desktop,Linux,2022-09-03T19:41:21Z,True
5ffa6840-264e-51d2-84b2-017d5fbe638a,3d3550fc-2b86-513e-a504-204406491289,DEV-000249-1,tablet,iOS,2024-04-04T19:41:21Z,True
e4a9e5eb-d4f5-5f9c-9169-0d07236e8a7a,3d3550fc-2b86-513e-a504-204406491289,DEV-000249-2,desktop,Linux,2024-07-19T19:41:21Z,True
afeb6085-c94b-5529-85e8-e4ea01e62479,5f189bf7-0868-5875-866a-57111279e142,DEV-000250-1,desktop,Android,2023-05-05T19:41:21Z,True
8d40b11f-6e7b-54dd-9bf6-53e7a94fbda2,8f1070b7-032d-5293-84ca-1e3862f13257,DEV-000251-1,tablet,Linux,2022-04-07T19:41:21Z,True
780313f0-fdd1-5474-aa33-fc2065207a4e,11011014-1436-5b3d-9504-a78eb04d6321,DEV-000252-1,tablet,Windows,2024-03-24T19:41:21Z,False
d61d26cc-d8d7-5215-a41f-0016dc0c448e,11011014-1436-5b3d-9504-a78eb04d6321,DEV-000252-2,tablet,iOS,2024-05-10T19:41:21Z,True
67f7e88f-1af6-574f-87ed-5db282db17b7,696879eb-aeeb-587c-8faa-d00b41a5bbf2,DEV-000253-1,mobile,Windows,2023-04-19T19:41:21Z,True
02f07bc1-197a-5c77-b3b9-968e370bfe8a,819232e6-430c-567d-a390-4fa4b0e50a8a,DEV-000254-1,desktop,Linux,2025-10-23T19:41:21Z,False
1af3fe8d-765d-50a8-b2a2-ea5b2a1f6ea6,819232e6-430c-567d-a390-4fa4b0e50a8a,DEV-000254-2,tablet,Android,2025-11-13T19:41:21Z,True
347008f1-1bdf-580d-b25f-32721b2a63b5,819232e6-430c-567d-a390-4fa4b0e50a8a,DEV-000254-3,desktop,Linux,2025-11-28T19:41:21Z,True
831d0381-0d23-554f-931a-c1fe44d92518,4a051bb9-77b3-52fb-bed0-847fcad0ac2d,DEV-000255-1,mobile,iOS,2022-09-04T19:41:21Z,True
34fcbb38-a4ac-5f3b-9f63-da9dbbb01a26,c1cc6f08-948d-53a6-a878-e10797d07fc5,DEV-000256-1,mobile,Android,2024-09-04T19:41:21Z,True
0c465709-f852-5d15-8f8d-102c32ec1336,c1cc6f08-948d-53a6-a878-e10797d07fc5,DEV-000256-2,tablet,Windows,2024-07-31T19:41:21Z,True
8900eb03-7533-50ac-a12a-c840c38c03ee,b4878303-9ba5-5dcb-ac0e-a43313d2edac,DEV-000257-1,mobile,Linux,2026-03-15T19:41:21Z,False
6a025408-5176-5511-a8a2-10ee6dc83b74,94589ad0-bc59-5f11-a043-5321878e9bc7,DEV-000258-1,mobile,Android,2022-01-02T19:41:21Z,True
dbf63b84-b7d9-52f2-92a0-9e3bb188154b,f5bdded4-be0c-5efe-ad5d-2ae968f79c2e,DEV-000259-1,desktop,Linux,2022-07-26T19:41:21Z,True
ef43ccaa-422e-57dd-bf06-baed30c54822,c9d5af1f-b1c6-5713-85d8-87663899f821,DEV-000260-1,mobile,Linux,2024-08-11T19:41:21Z,False
5fa47725-992c-53e7-9f10-9a94501c44a6,7e1846c8-4181-5de1-8f1f-fe341afb319f,DEV-000261-1,desktop,iOS,2022-10-12T19:41:21Z,True
998fca59-c32b-5ed8-8f86-fcc4207fe674,306631d9-d85b-55ac-8617-74a7ba2ecf42,DEV-000262-1,desktop,Android,2022-09-29T19:41:21Z,True
976683f4-cb4e-5ac0-bcaa-12007c276f7e,306631d9-d85b-55ac-8617-74a7ba2ecf42,DEV-000262-2,desktop,Linux,2022-12-13T19:41:21Z,True
798eae4d-03ff-5525-9fdc-1cd9cf0f816d,6dba22b5-fef8-5fb4-a07c-7dd40753c8fd,DEV-000263-1,mobile,macOS,2023-04-07T19:41:21Z,False
705e461d-381b-58d6-9edc-5299ffbd5f7a,6dba22b5-fef8-5fb4-a07c-7dd40753c8fd,DEV-000263-2,tablet,Windows,2023-04-09T19:41:21Z,False
261946b5-a41e-5e64-93ad-62c994f0587a,4f9e5074-8bf6-54c6-a9ad-b63f440bb3fd,DEV-000264-1,desktop,macOS,2023-04-12T19:41:21Z,True
f8ac74dd-f699-5141-95b1-4793f7ee70ab,d3fce4ba-5d7b-519a-83c9-a1d3958d8e09,DEV-000265-1,tablet,macOS,2022-02-28T19:41:21Z,True
9baa5459-a0ba-5e5a-9594-084e21e2ff55,d3fce4ba-5d7b-519a-83c9-a1d3958d8e09,DEV-000265-2,tablet,Linux,2021-12-16T19:41:21Z,False
1c928cdc-3f01-56ad-8dcf-bfaa78b7ec1b,6643d1f1-6607-5685-8841-48cfb2ff5b35,DEV-000266-1,tablet,iOS,2023-05-05T19:41:21Z,True
21d60015-413a-5b21-82e9-205a72887f56,f054b566-4a85-5a74-bf03-a6653833bec6,DEV-000267-1,tablet,Windows,2021-12-10T19:41:21Z,False
d855025a-bfeb-5e28-9399-732f3cc7547d,f054b566-4a85-5a74-bf03-a6653833bec6,DEV-000267-2,tablet,Android,2022-02-14T19:41:21Z,True
ed110b3b-6821-59fd-8903-ec135a4956c5,7b94e76b-c878-533a-9fb5-58260e21fbf5,DEV-000268-1,tablet,Android,2023-10-20T19:41:21Z,False
22314814-b39e-50b4-9e1c-69b8ad9a4bbc,7b94e76b-c878-533a-9fb5-58260e21fbf5,DEV-000268-2,desktop,Android,2023-08-30T19:41:21Z,True
91c5fc04-b4e0-59b5-8a8c-1d753b725df4,75a59cd3-ab49-5cc9-b254-5a380f110e94,DEV-000269-1,desktop,iOS,2021-09-05T19:41:21Z,True
9346554e-f5a8-50bd-9430-75cfdc16ef3e,75a59cd3-ab49-5cc9-b254-5a380f110e94,DEV-000269-2,mobile,iOS,2021-07-06T19:41:21Z,False
4bab96a7-f96a-57b0-8ad6-f79ce26b18d2,135c9326-e51d-50de-8c43-56a3ad2d4898,DEV-000270-1,desktop,macOS,2023-11-08T19:41:21Z,True
a6276e54-0916-5c71-befd-09cc49bcaa9a,135c9326-e51d-50de-8c43-56a3ad2d4898,DEV-000270-2,tablet,iOS,2023-08-26T19:41:21Z,True
4ce59595-661e-5b38-8d96-9600c0eb6da8,135c9326-e51d-50de-8c43-56a3ad2d4898,DEV-000270-3,desktop,Linux,2023-12-09T19:41:21Z,True
439c0e56-466c-5718-8ac1-f6d23d0dc115,c3ae3435-d554-5fd0-b257-7c4721eca684,DEV-000271-1,mobile,iOS,2022-01-29T19:41:21Z,True
f4c80e7e-d662-59f2-859e-16809da60607,a251b40b-a70e-58ef-be56-d9a1896bcbe3,DEV-000272-1,tablet,iOS,2023-08-04T19:41:21Z,True
e2c3625d-61b8-5de9-a453-475b6c180450,a251b40b-a70e-58ef-be56-d9a1896bcbe3,DEV-000272-2,mobile,Linux,2023-05-22T19:41:21Z,False
8809c5d2-e78d-5745-818d-b18f57945180,a251b40b-a70e-58ef-be56-d9a1896bcbe3,DEV-000272-3,tablet,Linux,2023-08-16T19:41:21Z,True
5d46dc34-b92d-5c17-bed0-d85ee2b30e77,d5f3eda0-f0d2-5fe7-a47f-8273984a31df,DEV-000273-1,desktop,iOS,2024-10-07T19:41:21Z,False
8e9eeece-fd0f-5372-9cb3-024421979a8c,d5f3eda0-f0d2-5fe7-a47f-8273984a31df,DEV-000273-2,desktop,iOS,2024-09-22T19:41:21Z,True
c774f95b-7b38-5534-854a-0658ede4fd34,eb5b70b8-1045-5c26-80e3-b29379202a0e,DEV-000274-1,tablet,Windows,2023-10-20T19:41:21Z,False
15d73633-1763-5ecf-bd9c-81cc3c662305,11071928-e293-5850-8236-86d37eae1815,DEV-000275-1,desktop,iOS,2022-10-25T19:41:21Z,True
32bade34-ac57-5bcf-ba8e-7dbb07f0529f,3e7b559d-8381-593a-9b96-c4e63f2e3d9a,DEV-000276-1,desktop,Android,2025-09-01T19:41:21Z,True
97b28cea-9b8f-572a-a017-307430d2da6d,3e7b559d-8381-593a-9b96-c4e63f2e3d9a,DEV-000276-2,desktop,Android,2025-09-17T19:41:21Z,False
e20f578e-e368-5286-81db-45f7665a43fb,f630fd2e-7356-5d7e-88e3-5040933e4184,DEV-000277-1,desktop,iOS,2025-12-14T19:41:21Z,True
cbd45687-f756-5364-8451-57e837b8a554,4e68ecc8-dae5-57b8-a2b9-f7965cc18bda,DEV-000278-1,desktop,iOS,2025-08-11T19:41:21Z,True
a655054e-2959-5d7c-910f-70cc0e035e92,4e68ecc8-dae5-57b8-a2b9-f7965cc18bda,DEV-000278-2,tablet,iOS,2025-09-26T19:41:21Z,True
fec67ec3-6709-50f2-8818-98ecedad1b60,b3bb27ba-fa72-50b7-9da4-827690e882b8,DEV-000279-1,desktop,Android,2022-01-27T19:41:21Z,True
6a4c3918-724a-5f5f-8f52-ac2e57dd27db,d9642a53-a8b8-50c0-a21d-fd9e36cb232a,DEV-000280-1,mobile,Android,2025-12-07T19:41:21Z,True
8fda01af-b135-5886-a3d0-19b39fd29384,711abe51-f854-5887-b028-7f1d76975ae6,DEV-000281-1,mobile,Windows,2022-07-12T19:41:21Z,False
6ad896b2-4f78-5882-816d-6da2da4bf28f,711abe51-f854-5887-b028-7f1d76975ae6,DEV-000281-2,mobile,Linux,2022-06-28T19:41:21Z,True
d04a3535-3c62-5070-bb16-24688ece9646,90478650-a805-56b3-98b1-c7c5c75cc8b1,DEV-000282-1,desktop,macOS,2024-04-26T19:41:21Z,True
dcd46385-c967-5286-9187-8d894f6bcfa0,90478650-a805-56b3-98b1-c7c5c75cc8b1,DEV-000282-2,tablet,iOS,2024-04-10T19:41:21Z,True
7343c7ef-e52d-542f-8e13-2b69cc304c90,56aace19-8ffa-5a2e-9e54-934683cea6bd,DEV-000283-1,desktop,Android,2025-02-24T19:41:21Z,True
3df2a8a2-e412-5ae3-a5b6-a20c92c5257d,56aace19-8ffa-5a2e-9e54-934683cea6bd,DEV-000283-2,desktop,Android,2024-11-29T19:41:21Z,True
98e4e0c3-607f-55fe-bf51-79d2b64dedac,00273991-9608-5914-b98d-54095063c7ce,DEV-000284-1,tablet,Windows,2025-02-22T19:41:21Z,True
a5ef9f6a-1769-56e0-83dc-53810bfc218f,00273991-9608-5914-b98d-54095063c7ce,DEV-000284-2,desktop,Android,2025-01-23T19:41:21Z,True
9358ea57-0f19-5efc-8877-3a12fee394f3,a9a8b2b9-cb42-5889-a9a7-dec2b8d5c769,DEV-000285-1,mobile,Linux,2021-09-04T19:41:21Z,False
93f8d674-6db2-50ce-a117-ed82d0583a3f,b25bfd56-e01b-511f-a67c-1095c78d5b5a,DEV-000286-1,desktop,Linux,2022-03-04T19:41:21Z,False
20998659-f49e-50e3-82d1-5cf3a0434321,56b9cc9f-ea3d-5001-8ca1-0ced07a536df,DEV-000287-1,tablet,Windows,2023-10-22T19:41:21Z,False
ef5bd69d-2d50-5076-8a22-3fd0db2dd757,7a2bd257-d07a-5298-a68c-a19b2fdc89e1,DEV-000288-1,desktop,Linux,2022-02-24T19:41:21Z,True
c479f830-ad0b-5403-96bb-2bffa33ba608,5e464095-fcba-5aa5-b87e-bd98b8c36f05,DEV-000289-1,desktop,Android,2023-08-04T19:41:21Z,True
fc95a37d-b766-5851-8255-9d0538454082,ebe66954-db2d-5e06-8d6e-851307f82fb8,DEV-000290-1,tablet,Linux,2024-10-21T19:41:21Z,True
8180bec9-0ff6-51b7-a2d7-04d9c24d713a,62866d85-2372-526f-9851-f1a66ae894c1,DEV-000291-1,tablet,Linux,2025-07-23T19:41:21Z,True
410987d7-f766-5758-9257-3908d440a589,2689217a-5d4c-50b1-bcf2-677a49bacb6b,DEV-000292-1,desktop,macOS,2023-11-26T19:41:21Z,True
c6ff4bb1-46a8-5774-90f1-462c79268165,2689217a-5d4c-50b1-bcf2-677a49bacb6b,DEV-000292-2,desktop,Android,2024-01-28T19:41:21Z,True
7a1999a2-3fe8-59c1-8164-28361642eb24,db3a25bf-230a-572b-92b8-9b3993cceccc,DEV-000293-1,tablet,Android,2024-09-22T19:41:21Z,True
a68b7fbf-6b3b-5efb-a78c-fc3c6778999b,db3a25bf-230a-572b-92b8-9b3993cceccc,DEV-000293-2,mobile,iOS,2024-10-12T19:41:21Z,True
8d8c2e85-3d36-5a9c-9b6e-dc2396f8b1e4,d4a538b0-750b-5342-93fa-382e734d80fb,DEV-000294-1,desktop,Windows,2025-04-22T19:41:21Z,True
1e5e90a7-317f-59f6-b5f4-002480c78b41,d4a538b0-750b-5342-93fa-382e734d80fb,DEV-000294-2,tablet,Linux,2025-06-06T19:41:21Z,True
18042ab2-6188-5970-9648-5eacf271416b,93ded847-a201-5981-ab8e-ab7f761abee5,DEV-000295-1,tablet,iOS,2022-03-02T19:41:21Z,True
8b241979-fbc3-5431-a428-d8b84708e75f,3fe31ea7-ccf7-56f5-a2bf-6c444f1011a3,DEV-000296-1,desktop,Linux,2024-06-30T19:41:21Z,True
c0171cc1-84df-5736-ab66-48a6c2f9317b,1897fd40-95d3-5fad-ad16-292634452c5c,DEV-000297-1,tablet,macOS,2022-07-12T19:41:21Z,False
5d6a6ab8-4603-556a-b1b6-f473343edf88,6b7932da-2941-5893-9537-8eeea5192821,DEV-000298-1,mobile,Android,2025-03-09T19:41:21Z,False
44bf6c7d-58b9-5c3b-bb83-dd96120c18a2,6b7932da-2941-5893-9537-8eeea5192821,DEV-000298-2,desktop,Linux,2025-04-17T19:41:21Z,True
15e2befd-2e66-5991-b8c6-f4226ee2b37a,4d3da10b-d7e9-5e91-aff6-9f10210185c0,DEV-000299-1,desktop,macOS,2023-03-05T19:41:21Z,True
0d12cfbf-b827-5684-9160-ce54f9c3627b,7b71903e-1d54-55e6-a6cb-66e19b3e9bad,DEV-000300-1,mobile,Windows,2022-11-22T19:41:21Z,False
5817df3f-7acf-5edf-af44-ed085c6178f1,97e905db-7013-5143-98d4-c81b30c43edb,DEV-000301-1,tablet,Windows,2024-09-29T19:41:21Z,True
e22d83c4-b13d-5f1a-b149-b2b89533ec4d,97e905db-7013-5143-98d4-c81b30c43edb,DEV-000301-2,mobile,Linux,2024-11-08T19:41:21Z,True
cfe2897b-0fa3-50a7-b146-5b2fa4f06e9a,a6950fbf-447b-58c9-8eac-8baf4fdd2842,DEV-000302-1,tablet,Linux,2023-08-19T19:41:21Z,True
330b8875-9227-56f4-b7cb-99b8c7d102a6,a6950fbf-447b-58c9-8eac-8baf4fdd2842,DEV-000302-2,desktop,macOS,2023-09-14T19:41:21Z,True
cc4b0443-7a61-5b8a-a20a-0c3cc942bf71,9f164493-e026-5d23-b6a8-d42fffb93c00,DEV-000303-1,mobile,Android,2023-09-15T19:41:21Z,True
25410b13-ce16-5e4f-9e07-4c0dfe92a251,9f164493-e026-5d23-b6a8-d42fffb93c00,DEV-000303-2,mobile,Android,2023-08-17T19:41:21Z,False
56520e8f-88fa-550b-817b-92a8c3b47aab,819e0639-99b5-57eb-add7-0aefe4dc8fc6,DEV-000304-1,mobile,Linux,2022-01-06T19:41:21Z,True
6e370f30-9ca2-5b9d-a632-fa12a7d86414,819e0639-99b5-57eb-add7-0aefe4dc8fc6,DEV-000304-2,mobile,Windows,2021-12-14T19:41:21Z,True
ff5bc0a9-2ae2-5aff-99ae-36e0f38a08d0,0b9762bd-44b4-59cc-a62a-ef8ec00c7cae,DEV-000305-1,desktop,Android,2024-08-26T19:41:21Z,True
9b0fdd5a-0c60-5896-b15c-3c9384ae1915,0b9762bd-44b4-59cc-a62a-ef8ec00c7cae,DEV-000305-2,tablet,iOS,2024-08-29T19:41:21Z,True
b682c93e-0d84-5391-b1bc-cfb81198a4cc,b95c9772-86cf-5c22-b5af-c300716a07b2,DEV-000306-1,mobile,Linux,2025-04-18T19:41:21Z,False
c953feff-d077-5983-83b3-5d2b6c0dedf3,353fefee-3ad5-5b11-81f5-5da9a0887dd7,DEV-000307-1,desktop,Android,2022-07-16T19:41:21Z,True
e28a0a6f-6f51-5408-9cbd-d749d79a0ad0,7140688e-9227-574b-9f97-fd03c55364ca,DEV-000308-1,tablet,Android,2026-03-28T19:41:21Z,True
90aa406f-9c03-5c8d-a1fb-b6c0ee832ef4,7140688e-9227-574b-9f97-fd03c55364ca,DEV-000308-2,mobile,Windows,2026-04-14T19:41:21Z,False
20dc4b48-250b-5270-8068-dc2bd026637c,7140688e-9227-574b-9f97-fd03c55364ca,DEV-000308-3,mobile,Android,2026-07-05T19:41:21Z,False
db95d197-946a-57c6-8a0f-cab68daf1fdc,a0b1ad23-c4d2-54d8-83af-27e820d9e98f,DEV-000309-1,mobile,Android,2022-12-20T19:41:21Z,True
c0e39e31-e583-5f07-8c87-e316440bf85a,a70e723c-9693-5be1-8b03-0d78072b4f0f,DEV-000310-1,mobile,Windows,2022-09-19T19:41:21Z,False
ac64c1e2-e865-5114-b98a-8c8e7b3e3890,a70e723c-9693-5be1-8b03-0d78072b4f0f,DEV-000310-2,desktop,Linux,2022-07-30T19:41:21Z,True
fc2166e5-0315-58e4-a34a-74f961966276,26492796-ec61-5c87-a43f-2123046b27ad,DEV-000311-1,tablet,macOS,2025-10-16T19:41:21Z,True
24441c48-b6c0-5610-ba4f-fd6326e05acc,6cd5a816-8d6a-5b8b-baac-a5920dd987ea,DEV-000312-1,mobile,Windows,2023-04-04T19:41:21Z,True
e4994b6d-4033-5caa-a4e5-519d7ff80942,6cd5a816-8d6a-5b8b-baac-a5920dd987ea,DEV-000312-2,tablet,Windows,2023-04-08T19:41:21Z,True
c736116e-714e-59e3-8f8e-49840c347227,b170378d-8390-5fa0-b5b2-18bad4841805,DEV-000313-1,desktop,iOS,2024-02-20T19:41:21Z,False
8a190c2b-45e6-58a4-8bd5-3e740049f2d8,8f4fd3c6-7aba-527f-85a9-3f3a011d5b50,DEV-000314-1,desktop,Android,2022-07-23T19:41:21Z,True
968286ea-9fa2-51d1-b64e-71f9dea63085,012b7d45-d7df-56f1-b278-9e1841d43747,DEV-000315-1,mobile,Windows,2026-04-19T19:41:21Z,True
fbb57bdc-e01f-562e-a9b6-7cb589233ccc,284fb677-f73f-5578-ae42-b6a38e77148f,DEV-000316-1,mobile,macOS,2022-08-30T19:41:21Z,False
63e013a6-54f4-5226-944a-07b4e561bc62,284fb677-f73f-5578-ae42-b6a38e77148f,DEV-000316-2,tablet,iOS,2022-10-01T19:41:21Z,True
6a76b744-aea9-5eb7-a01a-1f10fcf1110a,364a6036-ab13-58ab-bc20-dca9848273fd,DEV-000317-1,tablet,Android,2025-01-29T19:41:21Z,True
5468082b-c67b-5a02-ab86-2a6078de0ee0,8c5883cf-7eb2-5657-8c98-6b2b07656df0,DEV-000318-1,mobile,iOS,2026-05-21T19:41:21Z,False
623e8798-fb13-53f3-bf0e-514feee7c36b,8c5883cf-7eb2-5657-8c98-6b2b07656df0,DEV-000318-2,mobile,iOS,2026-06-08T19:41:21Z,True
75ff98f7-730a-572c-b6ed-fc1dfb13efed,f47581f3-0e1c-518b-ba3c-1ffb73d0bf76,DEV-000319-1,tablet,Linux,2024-04-11T19:41:21Z,True
0c41d671-0434-5bfa-be31-793e968d1de0,f47581f3-0e1c-518b-ba3c-1ffb73d0bf76,DEV-000319-2,desktop,iOS,2024-02-02T19:41:21Z,True
94c3a280-b53e-596f-bf54-00baf00c399d,f47581f3-0e1c-518b-ba3c-1ffb73d0bf76,DEV-000319-3,desktop,Windows,2024-04-18T19:41:21Z,False
4bc8e574-631e-513a-ae44-89020a1606a0,e2f0a71c-40d8-5c34-a4d0-38fcf5ef75bd,DEV-000320-1,tablet,Android,2025-07-29T19:41:21Z,True
b72b6afd-3249-5147-9338-a9427be20c4c,d1200270-f7e3-5fe6-a4cb-dd23e9718a31,DEV-000321-1,mobile,macOS,2021-10-25T19:41:21Z,True
51545188-6438-509a-b168-c06bb6fa9049,f52953ea-696f-5f7e-9554-e129dd76718d,DEV-000322-1,mobile,macOS,2025-12-12T19:41:21Z,False
c85a2be8-07b8-5ae0-9c86-1042412e8130,62b36527-6dd1-5626-9d26-b4ba84624af3,DEV-000323-1,mobile,iOS,2021-10-21T19:41:21Z,True
80a87827-2d18-5df5-876a-9cc009488306,62b36527-6dd1-5626-9d26-b4ba84624af3,DEV-000323-2,tablet,Windows,2021-10-10T19:41:21Z,True
96a22d03-274b-5c8a-92dc-358f2a14ec94,0f14916c-f199-5b57-9bd9-6d5d8ee1c175,DEV-000324-1,desktop,Android,2023-06-03T19:41:21Z,False
06126e8d-9fc5-5b8d-92af-0ce241451379,0f14916c-f199-5b57-9bd9-6d5d8ee1c175,DEV-000324-2,desktop,Android,2023-07-13T19:41:21Z,False
025ad7ef-7140-5e07-9e38-4149bd4b3f03,b88fbd59-2b41-5393-9f2d-64ada059b15b,DEV-000325-1,mobile,Linux,2023-03-14T19:41:21Z,True
f98b9a6f-9769-5cba-a608-17e7c2885bab,b88fbd59-2b41-5393-9f2d-64ada059b15b,DEV-000325-2,tablet,Linux,2023-04-23T19:41:21Z,False
9b627e4b-7519-5dae-a9d5-95a60844b53b,b88fbd59-2b41-5393-9f2d-64ada059b15b,DEV-000325-3,tablet,macOS,2023-03-14T19:41:21Z,True
0df52c23-a2a8-561c-a1d5-8155b3cb72c3,48116e0d-e79b-527f-9e8e-06ce10c058f1,DEV-000326-1,mobile,iOS,2024-10-10T19:41:21Z,True
dafa0e8a-fe46-571d-9c18-74d4a3cca7ad,0d90c42e-fc1e-54e7-805a-19f6a9549072,DEV-000327-1,desktop,iOS,2024-03-31T19:41:21Z,True
276925f1-5dfe-5f32-8606-2410fffb732d,0d90c42e-fc1e-54e7-805a-19f6a9549072,DEV-000327-2,mobile,Windows,2024-07-16T19:41:21Z,True
731392be-9c11-55ce-bf33-d5822421e933,4e36080c-a4e5-5510-a910-3ca162e95fe7,DEV-000328-1,mobile,Linux,2022-09-13T19:41:21Z,True
5fa15883-73e5-57be-a484-0a741b3ac614,f57580a5-5da3-5cd6-816f-d3a50be849fc,DEV-000329-1,desktop,Android,2024-08-14T19:41:21Z,False
fcb148c7-b4de-571d-979a-c46933785c1f,627fefba-f7ef-5e77-86e5-61066a0c3cbf,DEV-000330-1,tablet,macOS,2025-05-22T19:41:21Z,False
7b6fa215-b2bd-57ae-a0c0-60623432787b,627fefba-f7ef-5e77-86e5-61066a0c3cbf,DEV-000330-2,mobile,Android,2025-04-09T19:41:21Z,True
db7d26d5-54ee-5997-89d9-94077abde678,627fefba-f7ef-5e77-86e5-61066a0c3cbf,DEV-000330-3,mobile,Android,2025-07-14T19:41:21Z,True
7b5c684d-9dde-5752-a761-d5fb77562f3a,0ff66472-3540-51f2-957d-6ee46588a8ec,DEV-000331-1,mobile,Windows,2021-11-30T19:41:21Z,True
fcec5558-8fa2-5cd8-87c7-0cd82f161fd3,0ff66472-3540-51f2-957d-6ee46588a8ec,DEV-000331-2,desktop,Windows,2021-11-18T19:41:21Z,True
fb2b342d-75d6-54bc-b967-05a5ac81ca70,1f8c59c0-300c-57de-8d5d-6982a5a17749,DEV-000332-1,mobile,Windows,2025-12-11T19:41:21Z,True
919f2e53-80a7-54c5-b279-151402bd3d15,7f41c801-3326-5ce0-9bd5-940692926cd4,DEV-000333-1,desktop,macOS,2024-04-23T19:41:21Z,True
a13fafcc-2bd1-5dd3-bbb3-2dd1febb0997,0433004b-2905-5f2d-bb8d-6d2553817caa,DEV-000334-1,desktop,iOS,2021-08-20T19:41:21Z,True
1a7f0afa-ce26-5f5b-addb-49f5cfe3e04b,a9f5a8fb-b7e3-570d-b6da-5b15b3f14ea8,DEV-000335-1,tablet,macOS,2023-08-12T19:41:21Z,True
e0c27c9f-87ff-5220-b60e-7d1be8f3574d,a9f5a8fb-b7e3-570d-b6da-5b15b3f14ea8,DEV-000335-2,tablet,iOS,2023-10-31T19:41:21Z,True
f7d93d1a-bbd6-51b4-a43c-1cbbd491d809,8d36a313-6547-5e0e-972b-a8a383bbb1f1,DEV-000336-1,mobile,iOS,2025-11-26T19:41:21Z,True
39fe77bf-5009-5769-9bb9-c172d3c5ec83,8d36a313-6547-5e0e-972b-a8a383bbb1f1,DEV-000336-2,desktop,Linux,2026-01-04T19:41:21Z,False
ed5dae6c-1c63-5697-a59f-264bfcf7212c,d3cf0b94-2308-57bb-8a70-c53c8b3a93a7,DEV-000337-1,tablet,macOS,2021-11-27T19:41:21Z,False
9fa11a5a-fd94-53bf-a81e-1343e5fbe8da,a5d3c834-77f9-5e65-83aa-2c21386ca094,DEV-000338-1,tablet,Android,2022-01-10T19:41:21Z,True
2ff23105-3b28-5dc8-80c0-68b9caf747eb,a5d3c834-77f9-5e65-83aa-2c21386ca094,DEV-000338-2,mobile,macOS,2021-12-15T19:41:21Z,True
6d9fdd60-9f10-585c-874a-0530da269bba,33216336-e935-5188-b0be-4712502021ec,DEV-000339-1,desktop,Linux,2025-04-21T19:41:21Z,True
020e817e-5e58-5b08-87ad-c7104d8496c9,80826d24-2603-5afd-8a2a-7cf29970583b,DEV-000340-1,desktop,Android,2024-08-31T19:41:21Z,True
1880dc15-7644-5a07-88e5-6342ee66869f,80826d24-2603-5afd-8a2a-7cf29970583b,DEV-000340-2,tablet,iOS,2024-07-25T19:41:21Z,True
6e4263b1-7026-5307-9315-29e8dbc8835e,80826d24-2603-5afd-8a2a-7cf29970583b,DEV-000340-3,tablet,iOS,2024-07-05T19:41:21Z,False
284adc07-a03f-57ea-ab0e-70194a76587e,9ecb8037-347e-50e2-8db3-5060083cde09,DEV-000341-1,tablet,macOS,2022-11-03T19:41:21Z,True
a3f07b1f-e723-5c32-a13a-680335de6564,9ecb8037-347e-50e2-8db3-5060083cde09,DEV-000341-2,tablet,macOS,2022-12-10T19:41:21Z,True
3345de01-7aa7-5ea8-88f1-fd6b21c7998e,44c58a5c-f75d-5e3d-8e57-5ac076c2b769,DEV-000342-1,mobile,iOS,2025-04-01T19:41:21Z,True
207893a2-29ad-5fb6-83c4-1b9c38a7f65d,b306f1a7-7d93-567d-a202-76bc267c77e0,DEV-000343-1,mobile,Linux,2021-09-27T19:41:21Z,True
a7dadb4a-d4af-54f0-8acf-e36a9d3d8d7d,b306f1a7-7d93-567d-a202-76bc267c77e0,DEV-000343-2,tablet,Linux,2021-11-09T19:41:21Z,True
b9106a88-c8a9-5201-9352-30614981f377,a2a63b4a-aac6-50e2-9df4-263204f0ea51,DEV-000344-1,mobile,Windows,2021-10-25T19:41:21Z,False
51764941-e341-58ed-b850-11b0d1539704,a2a63b4a-aac6-50e2-9df4-263204f0ea51,DEV-000344-2,tablet,macOS,2021-10-28T19:41:21Z,True
c1760dc1-8894-50cd-97ea-e934aae893bf,a2a63b4a-aac6-50e2-9df4-263204f0ea51,DEV-000344-3,mobile,Windows,2021-09-07T19:41:21Z,True
4acc6cb6-d02f-5538-8c72-289c558bad59,0d297848-17b5-5ca9-a9ed-7ea84b53efc0,DEV-000345-1,tablet,macOS,2024-03-25T19:41:21Z,True
0ace0eee-4fb9-5f90-a0f0-d75da7a015a3,99db000c-83a2-5261-a36a-609ef8bc3bbb,DEV-000346-1,desktop,Android,2024-02-22T19:41:21Z,True
abed78b7-3e6c-5a0f-af62-738916d3c192,2b36f861-cd57-53cf-ae74-8bc5fa0b23fe,DEV-000347-1,desktop,Windows,2023-01-26T19:41:21Z,True
36860e4e-a808-5ae6-9ef7-b8973d83d8c4,2b36f861-cd57-53cf-ae74-8bc5fa0b23fe,DEV-000347-2,tablet,Linux,2023-05-22T19:41:21Z,True
ac3698fb-1bb7-573a-af4b-206471f39f3d,ab6bd6ef-809c-520b-8ada-0fa3892fc9ae,DEV-000348-1,desktop,Android,2023-06-02T19:41:21Z,True
85d76587-1450-5d1b-8d59-c0f6529b85ef,004b17ba-d7e2-511f-96b7-63adbcbe13f9,DEV-000349-1,mobile,iOS,2023-06-27T19:41:21Z,True
f03d5285-e2d4-5cf5-8524-16c75be85c38,004b17ba-d7e2-511f-96b7-63adbcbe13f9,DEV-000349-2,desktop,Linux,2023-04-26T19:41:21Z,True
a2e8e6fb-6b7f-5e81-b8f6-afc55bb624d5,004b17ba-d7e2-511f-96b7-63adbcbe13f9,DEV-000349-3,mobile,iOS,2023-05-08T19:41:21Z,True
8bd5d172-347d-5195-8314-4f764901cd6a,0be04eb0-dc24-5299-8913-a64c6f55767d,DEV-000350-1,tablet,Android,2024-12-31T19:41:21Z,True
8aaa2532-1d0e-5091-992c-784816e3443c,0be04eb0-dc24-5299-8913-a64c6f55767d,DEV-000350-2,tablet,Linux,2025-01-11T19:41:21Z,True
46b0a035-32b3-5697-9065-8be8edbc5128,0b953c48-533d-51b0-98dc-0af09b66d27d,DEV-000351-1,desktop,Windows,2022-07-02T19:41:21Z,False
7544581a-e3ac-5ced-ae71-eeef0c6c43cf,0b953c48-533d-51b0-98dc-0af09b66d27d,DEV-000351-2,tablet,macOS,2022-06-14T19:41:21Z,False
7801489f-3417-5b3c-a412-ca6f20bb3431,56b682a4-5662-5068-ab3b-4bbabe9904ba,DEV-000352-1,desktop,iOS,2023-08-31T19:41:21Z,False
7f3656a0-d6fd-5095-90bb-3c9e1987c9b4,56b682a4-5662-5068-ab3b-4bbabe9904ba,DEV-000352-2,mobile,iOS,2023-08-01T19:41:21Z,True
98ec7550-eac5-5b3e-ae0e-1e600d5bb27c,56b682a4-5662-5068-ab3b-4bbabe9904ba,DEV-000352-3,mobile,Linux,2023-07-04T19:41:21Z,True
f307704e-a8c0-59a5-9e16-583109e5911b,8e45f483-4bdd-5978-8a65-92138ebf0589,DEV-000353-1,mobile,iOS,2024-09-24T19:41:21Z,False
17be5a43-7ca9-5e3a-879b-59a01ed4f181,a9edbd2b-0856-5fe4-a55e-194f9c5592af,DEV-000354-1,tablet,Linux,2022-01-18T19:41:21Z,False
eed80a33-e922-5b8b-86c3-869e0da0023c,3053a1bd-01ae-590d-9ce3-12fdf584149d,DEV-000355-1,tablet,Linux,2023-07-09T19:41:21Z,True
19a96cd9-d255-51f7-b088-493e59f38c4d,3053a1bd-01ae-590d-9ce3-12fdf584149d,DEV-000355-2,tablet,Linux,2023-04-28T19:41:21Z,False
e19fc119-f684-51ad-92f9-2d1c2e94aacd,3053a1bd-01ae-590d-9ce3-12fdf584149d,DEV-000355-3,tablet,iOS,2023-04-19T19:41:21Z,True
f40ef3da-2aba-5d4a-918a-825ea5ee598a,5796ab3e-39c8-5c29-8504-03f0e3db536a,DEV-000356-1,mobile,macOS,2024-12-02T19:41:21Z,True
b662b8e6-2324-51c8-beab-3e4d68f9ec4e,135497b9-6aef-5e19-8a34-3efa8eea0d79,DEV-000357-1,mobile,iOS,2025-11-23T19:41:21Z,True
04980d12-ecb4-5042-8fe6-54781b84eb01,135497b9-6aef-5e19-8a34-3efa8eea0d79,DEV-000357-2,desktop,macOS,2025-09-05T19:41:21Z,True
5bd0dba9-a9dd-58d6-b625-e384b28ff86d,135497b9-6aef-5e19-8a34-3efa8eea0d79,DEV-000357-3,mobile,macOS,2025-12-16T19:41:21Z,True
877bd120-c791-55df-a7ca-350cb20f4a46,c9875765-c2b5-56fa-bf9c-b4ecec36e25c,DEV-000358-1,tablet,Android,2026-04-25T19:41:21Z,True
999d5d49-6ffc-5b69-916d-15e0afaba39f,5e79f3a4-572f-5048-8f0a-00f24ed7386e,DEV-000359-1,tablet,macOS,2022-04-30T19:41:21Z,False
130d6197-2917-5e31-9d74-56cb743e50d0,5e79f3a4-572f-5048-8f0a-00f24ed7386e,DEV-000359-2,mobile,iOS,2022-04-18T19:41:21Z,False
127e3c03-3c7d-56d3-86d3-ca41870c3718,69a8c5de-c5a4-5050-8135-ad0e443b01b7,DEV-000360-1,desktop,iOS,2026-02-01T19:41:21Z,True
650ec71d-6b8b-5cf6-8fde-f28c0dd577fc,69a8c5de-c5a4-5050-8135-ad0e443b01b7,DEV-000360-2,mobile,Linux,2026-01-17T19:41:21Z,False
63cc36d5-cf81-5ab3-82e7-431cef827d68,3ad703fd-e0d2-5458-8c69-c87c9c68f77f,DEV-000361-1,mobile,Linux,2022-11-22T19:41:21Z,True
0ed91e90-455a-5583-8aa0-e6ef63864434,3ad703fd-e0d2-5458-8c69-c87c9c68f77f,DEV-000361-2,mobile,Android,2022-11-14T19:41:21Z,False
7f5e10d8-4867-5186-9bb4-837c9be54301,21e49522-7b19-53b4-b19b-d0835820c75f,DEV-000362-1,tablet,iOS,2023-04-23T19:41:21Z,False
6baf8908-2554-50a7-bcb3-33acb1b8fa5d,21e49522-7b19-53b4-b19b-d0835820c75f,DEV-000362-2,desktop,Android,2023-06-03T19:41:21Z,True
2f0fe94e-c2ad-5b92-818e-3b1973234efe,3af9bc7c-d283-5260-af1e-e8e8d8a7ff63,DEV-000363-1,tablet,Linux,2022-07-18T19:41:21Z,True
6b322337-c365-5e69-aec4-bc0b6609f1e4,602213b2-4851-59ae-ac92-719d00d208bb,DEV-000364-1,mobile,Windows,2025-01-21T19:41:21Z,True
d3956e9d-b886-5629-8abf-1e6217ac08f2,602213b2-4851-59ae-ac92-719d00d208bb,DEV-000364-2,tablet,Windows,2024-10-18T19:41:21Z,True
8fea894f-a399-545f-a50e-9d57031b705c,876e53bf-d29a-5789-ba36-7b7a515034db,DEV-000365-1,tablet,macOS,2024-01-02T19:41:21Z,True
5950f7ae-7d3d-55bc-8362-be295c180d06,876e53bf-d29a-5789-ba36-7b7a515034db,DEV-000365-2,desktop,Android,2024-01-04T19:41:21Z,True
acd7cb8c-e524-55e0-9f1b-4f30262dd546,876e53bf-d29a-5789-ba36-7b7a515034db,DEV-000365-3,tablet,iOS,2024-02-25T19:41:21Z,True
ad92692c-2d2c-559a-9ee9-7835ed54bc8f,06a095eb-168c-56ed-8c5b-edfdccf25db0,DEV-000366-1,desktop,Android,2025-04-20T19:41:21Z,True
e26854e4-f4d6-5f4f-992c-91cff178876d,fb48688d-8d01-590c-8400-009fd2277d5c,DEV-000367-1,tablet,macOS,2021-12-17T19:41:21Z,True
caa1f8db-4085-55bf-bcd1-2951fe188600,fadcad0c-9dbd-52c1-b72c-e888a4c84cb3,DEV-000368-1,tablet,iOS,2021-08-22T19:41:21Z,True
eb4bb614-7881-5086-bc59-4fada2685917,fadcad0c-9dbd-52c1-b72c-e888a4c84cb3,DEV-000368-2,desktop,Linux,2021-08-21T19:41:21Z,True
08e37128-a164-5dd0-936a-5c6fc98085f9,8a7ff2ae-1968-5118-946d-e286cb590217,DEV-000369-1,tablet,Windows,2023-01-22T19:41:21Z,True
320a7bfb-9177-5fb6-8115-215c4d6137b1,8a7ff2ae-1968-5118-946d-e286cb590217,DEV-000369-2,mobile,macOS,2023-01-22T19:41:21Z,True
f0217d07-f9d9-5c43-bab1-9fecb800a534,c7c8c1eb-4320-56e1-ad5c-1c1c1fa33ad2,DEV-000370-1,desktop,Android,2023-08-14T19:41:21Z,False
332b8c7b-99d4-5802-9a00-13fb17b45f3d,c7c8c1eb-4320-56e1-ad5c-1c1c1fa33ad2,DEV-000370-2,tablet,macOS,2023-08-05T19:41:21Z,True
b998cf50-0558-5f1a-b054-5680b8eab9f0,5062201a-a4a5-573b-a481-18e39e8ea82a,DEV-000371-1,mobile,Windows,2024-06-12T19:41:21Z,True
8111c285-c506-5de2-aae5-c42f96e04c5c,6a19193f-64f4-57fc-aafe-90b84dc6f380,DEV-000372-1,desktop,Linux,2025-09-23T19:41:21Z,True
b6a8a500-3e2d-555c-9a80-4391c8c6360e,6a19193f-64f4-57fc-aafe-90b84dc6f380,DEV-000372-2,mobile,iOS,2025-09-14T19:41:21Z,True
15f49e18-a351-5e26-954a-f6af64bd7e12,0ac703f4-93a1-5669-b334-505a2f256026,DEV-000373-1,mobile,Android,2024-03-24T19:41:21Z,False
d33f005c-05cc-5144-b658-f51eb47e6ec1,0ac703f4-93a1-5669-b334-505a2f256026,DEV-000373-2,tablet,Windows,2024-04-09T19:41:21Z,False
d154237c-6e0f-56ad-8c7f-74cf471a55f6,41a26a88-a9f0-50aa-8bd1-a1e4e38ea6d7,DEV-000374-1,mobile,macOS,2023-04-10T19:41:21Z,True
c10ad19b-f810-5c42-8021-86484a7f2bfa,e7e8ace5-46ac-5fff-b602-fb4c0cb90b1d,DEV-000375-1,mobile,macOS,2024-06-28T19:41:21Z,True
20bb59dc-2eeb-510a-9da9-103a1c0e57eb,a9fcf6ea-2b01-58f2-a5e1-945a5801705d,DEV-000376-1,desktop,macOS,2024-01-23T19:41:21Z,False
e92c3336-9e38-5f83-a358-2ae15bc07835,e4646b5e-ee3c-5868-9fdc-9d1b4f024a1c,DEV-000377-1,tablet,iOS,2022-01-19T19:41:21Z,True
0e6f9c56-ac94-547e-8d72-3925a6b62cc4,dd81b91b-a875-5ea7-aa6a-77af576f2785,DEV-000378-1,desktop,Windows,2026-03-05T19:41:21Z,True
91ac7c33-2094-5f1f-91d2-68f569cf7c42,04ccd805-52cd-509c-9634-09bc9308ea2e,DEV-000379-1,tablet,macOS,2022-04-17T19:41:21Z,False
f8d79ac1-54d6-53e3-a12c-35c11c2ddf3a,26a8922e-c141-5626-9573-e4cab49f26d6,DEV-000380-1,tablet,iOS,2021-09-19T19:41:21Z,True
5ba87a9f-caa1-55d9-9775-bebd91ed11b4,7c5bdbe4-b66d-5fa5-9d1a-25cfd011dbe5,DEV-000381-1,tablet,Linux,2024-02-07T19:41:21Z,False
cdb558ef-b0ca-5f1d-b8aa-3ebc20bd1ce5,7c5bdbe4-b66d-5fa5-9d1a-25cfd011dbe5,DEV-000381-2,desktop,Android,2024-01-15T19:41:21Z,True
bf9f2105-6940-56b0-ac26-4c30368abdf9,dc8e4ec0-954f-5163-98b3-1d6902f48de7,DEV-000382-1,mobile,macOS,2025-10-11T19:41:21Z,True
085814f8-3f51-5397-94c1-5a654cc8218d,df09f4ed-5869-5da1-81db-1f5fa722449e,DEV-000383-1,mobile,macOS,2026-03-18T19:41:21Z,True
0fc9fc92-2cce-5717-b801-9f485d73ab92,715dd8e1-1520-5183-884c-8196c048c22c,DEV-000384-1,mobile,macOS,2023-11-20T19:41:21Z,False
e77b71dd-1ab2-53bd-823e-d570f52cd22e,b22fc5a4-3761-5249-a842-d7444c00738a,DEV-000385-1,mobile,macOS,2023-08-15T19:41:21Z,True
b1e12c95-3d03-5479-8af3-324a1cecf568,b22fc5a4-3761-5249-a842-d7444c00738a,DEV-000385-2,tablet,macOS,2023-09-11T19:41:21Z,False
a8f25801-c303-5e14-806b-2397a13a0d34,9de80d7a-15dd-57d1-b807-d8d7eddf901b,DEV-000386-1,tablet,iOS,2022-07-02T19:41:21Z,True
9bd239f3-9185-5c13-aa20-18f6b41b63ba,5f6bc0df-7596-57cc-824c-8217bc4e89cc,DEV-000387-1,tablet,macOS,2023-12-06T19:41:21Z,False
7aaba9bd-2c01-534a-9e04-78bf6602e864,0a16ded7-f672-51b1-b718-74a87ba14464,DEV-000388-1,tablet,iOS,2022-11-03T19:41:21Z,True
d1779853-fd83-56cf-8ca0-1b30e0b832c4,cffc7094-4d8f-5bdf-a237-99e6b57921ab,DEV-000389-1,tablet,iOS,2025-04-22T19:41:21Z,False
5b8d4969-ca4d-597c-a1da-b67d24173e38,abffa9b2-0274-564f-b102-497a46c66883,DEV-000390-1,desktop,Linux,2025-03-03T19:41:21Z,True
56825ea0-8c01-5a09-9802-4fc32d1ae7d2,abffa9b2-0274-564f-b102-497a46c66883,DEV-000390-2,tablet,Android,2025-04-11T19:41:21Z,False
a01f361a-a1c1-54b0-ba7b-2182e1e51ab6,30137ad1-f164-52ca-8668-3327211b1c9d,DEV-000391-1,desktop,iOS,2025-05-04T19:41:21Z,True
d66886cc-66f2-515a-b0a3-00d5fe020383,30137ad1-f164-52ca-8668-3327211b1c9d,DEV-000391-2,desktop,iOS,2025-04-19T19:41:21Z,True
f49e5cd3-170e-5fc7-b834-c0c1026e000c,b29e5160-cd6f-5ae0-a711-f217c5b8353c,DEV-000392-1,mobile,Linux,2025-07-05T19:41:21Z,True
e146ec0a-afdf-5a6e-953c-eb112f4a864c,b29e5160-cd6f-5ae0-a711-f217c5b8353c,DEV-000392-2,mobile,iOS,2025-07-08T19:41:21Z,True
52365ecc-bacf-52d6-a194-c15c6245414f,41643e63-529f-55a6-95aa-ddcbf526d39a,DEV-000393-1,desktop,Windows,2022-02-02T19:41:21Z,True
c291e599-8a86-5f02-a0e6-cce17e84ec24,41643e63-529f-55a6-95aa-ddcbf526d39a,DEV-000393-2,desktop,iOS,2022-03-23T19:41:21Z,False
c0f21414-f138-54e7-8b6c-e2ab109fdb0b,41643e63-529f-55a6-95aa-ddcbf526d39a,DEV-000393-3,tablet,Windows,2022-04-22T19:41:21Z,True
84dd792a-46c3-54e2-9723-2d50b5f943be,a6dcfe99-993f-5e24-be05-f11468bebf43,DEV-000394-1,desktop,iOS,2024-12-29T19:41:21Z,True
8e56c550-06b4-50e9-8e00-710d74aac0a4,e638abff-fa8f-5daa-8fb6-c03f653f85dc,DEV-000395-1,desktop,Linux,2025-12-06T19:41:21Z,True
e268135f-ef77-5fe9-882e-e914f83c8b34,4396575d-ee31-53a1-a23f-6e80f371b980,DEV-000396-1,mobile,Windows,2024-06-24T19:41:21Z,True
3df8ebae-55b5-5a5f-9c0b-bc924c1d673c,55a9d9c6-b581-5e13-8601-05e7453c06e6,DEV-000397-1,tablet,Windows,2023-11-10T19:41:21Z,False
96c007a7-666e-5a8f-a12f-35a68895a4b5,55a9d9c6-b581-5e13-8601-05e7453c06e6,DEV-000397-2,desktop,macOS,2023-12-13T19:41:21Z,True
6d00563c-c93a-5202-a435-deb3186cb1c5,fffd4cf5-56bf-5524-a3bf-6b75499af1a0,DEV-000398-1,tablet,Android,2022-10-12T19:41:21Z,False
ce962483-37dc-5fcc-80ef-f8c91e42a2ad,fffd4cf5-56bf-5524-a3bf-6b75499af1a0,DEV-000398-2,mobile,Windows,2022-11-30T19:41:21Z,True
3f21c38d-f087-5fd4-8602-1abc28403973,fffd4cf5-56bf-5524-a3bf-6b75499af1a0,DEV-000398-3,tablet,Android,2022-10-14T19:41:21Z,False
1b48e2bb-9119-5010-a6d9-664bb2421e56,f14b8754-80ad-5b80-814a-5b32fa22da29,DEV-000399-1,desktop,Windows,2023-02-25T19:41:21Z,True
0504fa40-d8f1-54d6-ac82-f34a6e42bf09,da21e16d-1e82-5ed8-b332-1904672f0740,DEV-000400-1,mobile,iOS,2022-02-02T19:41:21Z,False
4b60f159-34b2-5c44-8eff-030895c5bb78,da21e16d-1e82-5ed8-b332-1904672f0740,DEV-000400-2,tablet,macOS,2022-04-18T19:41:21Z,True
93b33375-411a-51af-91e3-f893c5d4e854,35a847bc-e062-5dc7-81f1-8f4c82c60c2b,DEV-000401-1,tablet,iOS,2024-06-28T19:41:21Z,True
140bca70-c911-5b30-a914-5f7e6f75170a,bed287f8-5976-5af9-ae2b-54a06f2a69ca,DEV-000402-1,tablet,Windows,2024-06-30T19:41:21Z,False
b616116d-7386-5f16-871f-0e2b315b6382,a51008f6-6d5f-5211-b691-ffcc2688d683,DEV-000403-1,mobile,macOS,2024-03-08T19:41:21Z,False
32d3a7b1-623a-5777-b3ac-13f6dbead2e7,a51008f6-6d5f-5211-b691-ffcc2688d683,DEV-000403-2,tablet,Android,2023-11-21T19:41:21Z,True
adf18cc4-a552-5380-89a7-9accd23f31b3,8b2a15df-4e51-53e8-8132-8aec332fa103,DEV-000404-1,desktop,macOS,2024-01-05T19:41:21Z,True
1925c2f9-c023-5980-bb12-7bfde3718004,be2ee2f8-2d11-5c36-91dc-c9b161a18e26,DEV-000405-1,desktop,Android,2022-11-28T19:41:21Z,False
6a97ee39-de09-5fe1-8628-b6e92cceec66,be2ee2f8-2d11-5c36-91dc-c9b161a18e26,DEV-000405-2,mobile,macOS,2022-10-29T19:41:21Z,True
c07f38a7-fb41-59e3-a153-021fef00bfed,be2ee2f8-2d11-5c36-91dc-c9b161a18e26,DEV-000405-3,mobile,Android,2022-08-27T19:41:21Z,True
646b4258-9d01-583a-88d1-f84fd0654bf1,174dc957-806d-566e-9ac1-b69edb2a9497,DEV-000406-1,tablet,macOS,2025-06-02T19:41:21Z,True
c2650a66-a5cb-57fd-bc13-f0836586f9d5,174dc957-806d-566e-9ac1-b69edb2a9497,DEV-000406-2,mobile,Linux,2025-08-28T19:41:21Z,True
9b96d6c9-b5de-5647-857e-e2f3e98d6729,174dc957-806d-566e-9ac1-b69edb2a9497,DEV-000406-3,tablet,Windows,2025-07-09T19:41:21Z,False
95c697bc-d245-577b-8e90-44a87242465f,641886ee-c593-571a-912d-51868fe16c03,DEV-000407-1,mobile,macOS,2024-12-25T19:41:21Z,True
ccd3cf86-7363-51ab-8126-f664197758ac,641886ee-c593-571a-912d-51868fe16c03,DEV-000407-2,desktop,Android,2025-01-06T19:41:21Z,True
ba7dbc73-39f2-567b-ac55-a89e3ccd163c,af343b79-9525-5db6-bb5f-d61a9fc1c3e1,DEV-000408-1,desktop,Linux,2023-07-06T19:41:21Z,True
6b40c9e6-9688-5a7e-a61b-928c2f7f2043,af343b79-9525-5db6-bb5f-d61a9fc1c3e1,DEV-000408-2,desktop,Linux,2023-06-09T19:41:21Z,True
c9e0e91c-2bac-5bda-8001-b7e6287a06ad,df948460-036c-5c6d-a879-48c8f1ef0627,DEV-000409-1,tablet,macOS,2026-01-23T19:41:21Z,True
ef2cc4bb-15e3-53e2-bea9-5151eaf76ec6,df948460-036c-5c6d-a879-48c8f1ef0627,DEV-000409-2,mobile,Linux,2026-02-04T19:41:21Z,True
69d96e16-13fb-5c8c-86c9-dbad80f3a581,9ba78981-4e7d-5c2c-af87-029bfe68b582,DEV-000410-1,mobile,Linux,2022-02-01T19:41:21Z,False
ea21e1fa-7cf5-5c36-aa00-b75eda0458a1,df4e755c-dace-52a1-999d-eccd0637ad67,DEV-000411-1,desktop,Android,2025-02-16T19:41:21Z,True
6c716ef0-f444-5ddb-9a72-acc62bbd4069,c72cc77d-1b51-5164-9333-aa743caceada,DEV-000412-1,mobile,iOS,2022-10-19T19:41:21Z,True
8b64f402-1bdb-5aec-98f2-170ff0551748,95282c3e-ebee-57f7-8229-899311c66dd7,DEV-000413-1,desktop,iOS,2023-04-01T19:41:21Z,True
b5c031a1-b2a7-528e-a72c-5f0900d533cf,54bca0c0-2dcf-5cf3-8bac-c6f579f81c1b,DEV-000414-1,mobile,Linux,2023-04-30T19:41:21Z,True
8bb8791f-74c0-522b-b530-cfda4417ee4c,54bca0c0-2dcf-5cf3-8bac-c6f579f81c1b,DEV-000414-2,mobile,iOS,2023-03-20T19:41:21Z,True
89a23228-4e9d-5f57-a665-b004832f2395,ac7a33e2-891f-50d0-a966-c85979bcf253,DEV-000415-1,tablet,Windows,2025-01-29T19:41:21Z,False
3df48aa7-20f1-50ff-b8d0-12cd5afe35f9,1b4ae15c-7bcb-5209-a426-3cafec3a60b8,DEV-000416-1,tablet,Windows,2023-06-15T19:41:21Z,True
995b4348-346b-51e1-a5f7-c67ad3671f0b,1b4ae15c-7bcb-5209-a426-3cafec3a60b8,DEV-000416-2,tablet,Linux,2023-07-04T19:41:21Z,True
88598661-b049-5459-9e66-5017512e146a,87bce80f-1cdc-58f1-bc5b-52259b49ef20,DEV-000417-1,tablet,Android,2022-11-23T19:41:21Z,True
5fdc20b7-1717-5200-bf01-b8e031cdff7c,87bce80f-1cdc-58f1-bc5b-52259b49ef20,DEV-000417-2,tablet,Linux,2022-11-09T19:41:21Z,True
32c867e1-59f1-5449-84b0-7229f062f8f1,87bce80f-1cdc-58f1-bc5b-52259b49ef20,DEV-000417-3,desktop,Android,2022-10-03T19:41:21Z,False
08d25de6-31e2-57a6-9315-0d7fb1cac253,fdb364b8-a5f2-5c96-a0d0-863c31953ee7,DEV-000418-1,mobile,macOS,2024-12-23T19:41:21Z,False
c6f86498-9959-503c-b813-de573054ad49,c438b3ff-8105-5c01-921d-2e613878a26a,DEV-000419-1,mobile,Android,2023-06-12T19:41:21Z,False
1c696201-5224-59e6-bca0-fbba7767ef45,b006e9b8-c3f2-5cf6-b50b-8353edd5945d,DEV-000420-1,mobile,Linux,2023-05-05T19:41:21Z,False
c46f0400-a86e-5c21-974b-e76240abaccf,b006e9b8-c3f2-5cf6-b50b-8353edd5945d,DEV-000420-2,mobile,macOS,2023-04-27T19:41:21Z,False
a4d8160c-84bd-537d-b4ee-818b25a393ca,af075d7c-9d82-568f-8228-4a7daf345f21,DEV-000421-1,mobile,iOS,2023-06-05T19:41:21Z,True
3fff02f2-ccc9-5d9b-8ea7-79d9cd816a44,f3c2bf4a-6dea-565d-81f6-43c5badd15de,DEV-000422-1,tablet,iOS,2023-10-10T19:41:21Z,False
ac85fb36-3b28-5954-9276-c31878b0fdac,f3c2bf4a-6dea-565d-81f6-43c5badd15de,DEV-000422-2,tablet,Linux,2023-10-14T19:41:21Z,True
872744ec-aebf-5579-8f1c-cfc0e8c8ec60,f3c2bf4a-6dea-565d-81f6-43c5badd15de,DEV-000422-3,mobile,Linux,2023-10-06T19:41:21Z,True
eb5937ab-a2aa-5af7-8ae4-414aa6fbc9f3,9d6a7f9e-42d1-5251-bc1e-94183ef0ea98,DEV-000423-1,mobile,Windows,2025-02-17T19:41:21Z,False
7bbfa921-c773-5525-96f3-257d7cc5dd3e,9d6a7f9e-42d1-5251-bc1e-94183ef0ea98,DEV-000423-2,desktop,Windows,2025-02-06T19:41:21Z,True
75209e57-eeeb-5ed0-9291-050b675577ea,56a27633-dffa-57bd-b7f7-7a6db25d6221,DEV-000424-1,desktop,macOS,2022-10-02T19:41:21Z,True
e64160d4-ff63-58fa-a352-dbcea97deb9c,e2765f20-12a3-595b-8182-433f207a1af5,DEV-000425-1,desktop,macOS,2023-08-11T19:41:21Z,True
24e4c707-8823-5d27-a8ab-ce2df9585e23,65d2d63b-9083-53bf-97dd-d9f5e86ca0e3,DEV-000426-1,desktop,Android,2024-05-21T19:41:21Z,False
0aef0c67-d317-5a5e-bb94-fcee0a4c2b9d,37349ce5-3292-5762-bbae-504fdf490d31,DEV-000427-1,mobile,Linux,2025-09-26T19:41:21Z,True
ae3ce72c-1163-52cd-9049-164373d1e4b3,37349ce5-3292-5762-bbae-504fdf490d31,DEV-000427-2,mobile,Windows,2025-12-14T19:41:21Z,True
b44b930a-feaa-540a-a570-9c92e21b1b6e,11741ef1-6c62-5c18-82ad-6006efc7837d,DEV-000428-1,mobile,Android,2025-04-28T19:41:21Z,True
f9b22534-d768-5737-83e2-b1a0586ca2dd,d6bc8f6d-341b-5a57-8c85-9ddbb7bd8ce7,DEV-000429-1,desktop,Windows,2024-05-28T19:41:21Z,False
1850bad4-11da-5fda-bef5-3ac510cbee32,1d8c1faf-d989-53dc-a599-2461198f38fe,DEV-000430-1,desktop,iOS,2025-04-20T19:41:21Z,True
2a428cab-026e-5e88-99db-b2ebf5ff48ba,f4ed0fd0-2bcb-5168-bc96-94e359712420,DEV-000431-1,tablet,Linux,2022-03-04T19:41:21Z,True
8a104dd4-bda2-5ef3-b9ec-ff2eaed0effe,9081c953-a310-522b-935d-8ba52a37b934,DEV-000432-1,tablet,Windows,2026-01-17T19:41:21Z,True
b0f345f5-39bd-5912-b581-6f72609d1d3e,817727e4-784f-5694-994d-004024fe064a,DEV-000433-1,tablet,Android,2024-02-06T19:41:21Z,False
476daed3-3dbe-57b0-a9bf-3d22546624ea,a46fcfd3-50eb-565a-9bda-ea746619fdcf,DEV-000434-1,tablet,macOS,2024-01-04T19:41:21Z,True
ab527b72-77e3-5e35-9890-18e2095a063f,a46fcfd3-50eb-565a-9bda-ea746619fdcf,DEV-000434-2,desktop,Android,2023-12-08T19:41:21Z,True
148b96df-af62-5e85-9443-f9f5150b0e44,aef8690e-dbce-52b4-b1c1-c120b2ccfbe3,DEV-000435-1,desktop,Linux,2026-02-28T19:41:21Z,True
329097b0-695b-574f-85ac-5684460735e0,13609749-f5cd-5d51-b926-b7e51b7318d7,DEV-000436-1,tablet,macOS,2024-03-23T19:41:21Z,True
09cdd354-76ba-5986-b910-e86377d3f0e6,fa35aa6d-326b-599c-b695-6404681b19bf,DEV-000437-1,mobile,Android,2024-08-31T19:41:21Z,False
29b077c6-19cd-5b06-9037-7004fe8d49bb,56ce5d36-5232-5e0c-86c7-ae1435d491b1,DEV-000438-1,mobile,Linux,2024-07-31T19:41:21Z,False
88dd496c-cd2d-54e1-af45-7ff251685e53,fc09c18e-502b-503d-8eaa-35c4f71994f0,DEV-000439-1,mobile,Android,2021-09-13T19:41:21Z,False
8f22fd31-1f3b-5108-a177-eabec58f4b84,fc09c18e-502b-503d-8eaa-35c4f71994f0,DEV-000439-2,tablet,macOS,2021-12-09T19:41:21Z,True
313aa63a-9509-570b-a0eb-e89ec9465367,f0571266-b30d-57db-a691-9cf26b21c95e,DEV-000440-1,mobile,iOS,2025-07-02T19:41:21Z,False
3412ab01-fa73-5302-9ecd-1093cb7e0fb0,c6bc4233-9766-5611-b7a8-4d98c02a3f9f,DEV-000441-1,desktop,Windows,2022-08-21T19:41:21Z,True
ceaab937-f73e-5235-a04f-7e3ccce3d2ef,c6bc4233-9766-5611-b7a8-4d98c02a3f9f,DEV-000441-2,mobile,Windows,2022-12-08T19:41:21Z,True
54a5989c-b379-5c57-966f-b25fe5533d28,c6bc4233-9766-5611-b7a8-4d98c02a3f9f,DEV-000441-3,mobile,Linux,2022-08-31T19:41:21Z,True
1c904aad-f7f7-5d45-a317-bfae5446c9ab,548b46ce-a63c-5fa4-9552-d4410e808b7e,DEV-000442-1,mobile,Android,2025-05-19T19:41:21Z,True
56d277f7-c520-5c6a-b9bf-0482bbee2653,548b46ce-a63c-5fa4-9552-d4410e808b7e,DEV-000442-2,desktop,macOS,2025-07-10T19:41:21Z,False
dfc0d9a7-924e-5704-b31e-88359dad2ce5,560618ed-f67e-5303-818e-24cbbedbf952,DEV-000443-1,tablet,Android,2024-01-10T19:41:21Z,False
a04bca0f-536e-54c1-be40-bdcd487295ca,18aeec14-1ab2-5628-8dd7-ded8407dd868,DEV-000444-1,desktop,Android,2023-08-08T19:41:21Z,True
d4f73623-a697-5c3b-b726-2fb603d7ede0,d0a9a76e-70ff-5e98-9a41-d3dc69fffe2e,DEV-000445-1,mobile,macOS,2021-08-28T19:41:21Z,True
290423fd-0939-5aad-a106-408bb8a786e0,66fa41a1-e3a5-5436-aea4-12b2f0b3852a,DEV-000446-1,mobile,Linux,2021-11-01T19:41:21Z,True
42dbe2b5-b7c5-53fb-9b26-e3b0cbfd0dc3,53084b93-e9fd-5e10-896d-1eb495ce75f7,DEV-000447-1,desktop,macOS,2023-12-28T19:41:21Z,True
44a9a11f-ef6d-52ed-a057-33ac387764c1,974f763b-9230-518a-b8fd-856274da6ef3,DEV-000448-1,desktop,macOS,2025-07-08T19:41:21Z,False
b8b8b34a-ee9c-55aa-99c4-e58ce11c4cad,974f763b-9230-518a-b8fd-856274da6ef3,DEV-000448-2,desktop,Android,2025-06-04T19:41:21Z,True
46b205b7-3c90-58f3-8eb6-64b438825199,3c14ec3a-8776-592e-a666-433523c59fb5,DEV-000449-1,desktop,Android,2025-11-14T19:41:21Z,True
8740e037-d02e-5363-afcc-3491915b3023,3c14ec3a-8776-592e-a666-433523c59fb5,DEV-000449-2,tablet,iOS,2025-10-05T19:41:21Z,True
1c28986b-c9a2-5659-b31a-e5f426ef8807,c966a7e6-2d80-565f-9177-386dc7628228,DEV-000450-1,tablet,Windows,2021-11-25T19:41:21Z,True
922fc45a-a6d0-5a16-a29a-7a6228c266ba,c966a7e6-2d80-565f-9177-386dc7628228,DEV-000450-2,desktop,macOS,2022-03-03T19:41:21Z,True
9227a7ff-ae19-57ec-98c8-6c2c89bcfc4f,ddcd7ec3-2e09-5147-85c6-7db644fa4a90,DEV-000451-1,tablet,Android,2022-02-03T19:41:21Z,True
3fe2e95c-b035-5194-bb3b-fef91fdff8d2,ddcd7ec3-2e09-5147-85c6-7db644fa4a90,DEV-000451-2,tablet,Linux,2022-01-29T19:41:21Z,True
574fc032-11fe-5c5d-b5e4-d1b48bbf47aa,f1ffacb8-6b06-510d-b03c-482e063a1421,DEV-000452-1,desktop,iOS,2024-12-09T19:41:21Z,True
4024e458-fb13-5188-9fef-0935faa9bec3,f1ffacb8-6b06-510d-b03c-482e063a1421,DEV-000452-2,mobile,Windows,2024-11-06T19:41:21Z,True
8c6e8c01-c07e-5ebc-a59c-6539b17d3ed6,841917f4-b904-5477-849e-0699881e49d2,DEV-000453-1,desktop,Android,2024-07-27T19:41:21Z,False
8fdb2471-5f11-5121-9c5d-7f006ffbaecb,841917f4-b904-5477-849e-0699881e49d2,DEV-000453-2,mobile,Windows,2024-10-29T19:41:21Z,True
9d5e6a7f-8677-5c22-99ff-1e5c414f8672,8462e54b-136d-5744-8022-a37613b96a0a,DEV-000454-1,mobile,Windows,2022-08-09T19:41:21Z,True
4b011c75-2f5f-5a03-b1c5-3a9b8ea0085b,2b24a42f-72da-55ab-9745-2d6e4c543b2c,DEV-000455-1,desktop,macOS,2024-03-06T19:41:21Z,False
d649b0a0-6a79-584a-8d6e-2c8eb58c2cb6,2b24a42f-72da-55ab-9745-2d6e4c543b2c,DEV-000455-2,desktop,iOS,2024-03-21T19:41:21Z,True
fc0ad3d3-055e-5090-a21b-4605732c3ebb,2b24a42f-72da-55ab-9745-2d6e4c543b2c,DEV-000455-3,tablet,macOS,2024-03-08T19:41:21Z,False
0c61a844-0bdc-5d21-b8c1-24369bad8e03,86ce5d6b-0459-59bd-8061-9786509a95a7,DEV-000456-1,tablet,macOS,2026-03-02T19:41:21Z,True
eb60be3a-8db2-53f3-b20e-6dd4cb6c5ff5,86ce5d6b-0459-59bd-8061-9786509a95a7,DEV-000456-2,tablet,Android,2026-02-06T19:41:21Z,True
e03d58ef-2259-5414-b606-9364be3c114d,23f368a8-d43b-5392-be49-54185ef83950,DEV-000457-1,desktop,Android,2025-11-24T19:41:21Z,True
0e28be49-213b-5734-9693-17f610f018cb,e806891e-713c-5670-97a4-ed17073617e4,DEV-000458-1,tablet,Windows,2023-04-16T19:41:21Z,True
14998111-458c-548a-b9e5-976ca579b015,12ecf1f9-775b-5b53-9d3c-441f79e7f162,DEV-000459-1,tablet,Android,2021-08-25T19:41:21Z,False
1664f79f-f230-52de-bb6c-7620ef1b1753,b48c29a5-0b78-580b-8a25-0a0412101ff5,DEV-000460-1,mobile,macOS,2025-05-13T19:41:21Z,True
5ee7b4b2-4516-5e3b-8b99-6126b72a2064,6aeb7315-499b-59dc-a6e2-c64fd78476cf,DEV-000461-1,tablet,Linux,2024-03-02T19:41:21Z,True
82690a9a-cd1a-59cb-a687-0497e7600875,1f9ca0b4-5fc0-5eb6-9fbb-246ca5846a2c,DEV-000462-1,desktop,Windows,2021-08-14T19:41:21Z,False
68db5c44-6416-56fe-afda-9ba8035539e5,8462ed4b-25fa-58bf-9252-363c617eb628,DEV-000463-1,desktop,Android,2026-04-27T19:41:21Z,False
468bf98c-d0d9-541e-afee-092c01bc5d98,8462ed4b-25fa-58bf-9252-363c617eb628,DEV-000463-2,mobile,Linux,2026-04-03T19:41:21Z,True
30f15f31-a37a-5d32-915a-572831b38b80,d6671393-39b8-5040-aa3c-996dbe952740,DEV-000464-1,tablet,Linux,2024-07-22T19:41:21Z,True
a047366d-284e-5abb-bb49-b8ded25b5c07,de0ca14b-5c6b-5b2a-9dfb-e4260953722f,DEV-000465-1,desktop,iOS,2022-06-14T19:41:21Z,True
7e7053d5-2082-5c35-943c-fd3e2e262c99,de0ca14b-5c6b-5b2a-9dfb-e4260953722f,DEV-000465-2,tablet,iOS,2022-05-07T19:41:21Z,True
8afb5e37-372b-5ba4-b207-b5bf19d774f1,fa34fdc1-666c-5a81-9164-e8aaf5f3dad5,DEV-000466-1,mobile,Android,2025-11-02T19:41:21Z,False
ebe99cd8-5377-5366-93a6-ba17d8a98c0e,fa34fdc1-666c-5a81-9164-e8aaf5f3dad5,DEV-000466-2,desktop,Windows,2025-10-27T19:41:21Z,False
6cae094c-c82c-5d76-9f1c-702f59957fc6,fa34fdc1-666c-5a81-9164-e8aaf5f3dad5,DEV-000466-3,mobile,Android,2025-09-14T19:41:21Z,True
e503c4bf-d2f7-50a8-b5ec-5aa746125cf0,09ccfbc6-89b8-59c0-bd3a-91e2d12c8f66,DEV-000467-1,tablet,Linux,2024-08-18T19:41:21Z,True
f638ce80-ac99-5633-8013-194f9f9ea929,5905676e-d246-5799-8f57-2d15dbfa7100,DEV-000468-1,desktop,Android,2025-02-27T19:41:21Z,True
898b01a7-75c2-566b-83b4-6be8b6951952,7a2b3a88-91e9-53fc-a347-19ce4b82f843,DEV-000469-1,tablet,iOS,2025-12-03T19:41:21Z,False
16a1196c-800c-5c9e-9c92-60ccde171795,7a2b3a88-91e9-53fc-a347-19ce4b82f843,DEV-000469-2,desktop,Android,2025-11-28T19:41:21Z,True
13ce38ae-2b2a-5540-84f4-e07fafda76eb,317d2287-a07a-5865-83f0-18e34b59184a,DEV-000470-1,desktop,macOS,2025-08-17T19:41:21Z,True
5a1d5900-48ba-5d2f-a3a5-4792443b65f7,1b28701f-d1fe-5fb6-82cf-bc73a75609e0,DEV-000471-1,mobile,Linux,2025-02-26T19:41:21Z,True
fef8a998-948f-5e87-942e-a70daea98f2d,6c4aec3d-ef3c-5c54-aa71-a76bf73759cc,DEV-000472-1,mobile,Linux,2022-10-11T19:41:21Z,False
aca4c0e5-4624-5316-a10f-9f86599a8e5e,1ec20104-ff16-5fe4-a07f-93242bf5a541,DEV-000473-1,mobile,macOS,2026-06-10T19:41:21Z,True
8ccede7f-9f1a-5ea7-8504-657688aed88f,9777940e-474d-5459-8b77-2c5c522bb23e,DEV-000474-1,mobile,iOS,2024-02-14T19:41:21Z,True
609d2f31-9acd-5e4a-a50a-e4d29c70e6a9,9777940e-474d-5459-8b77-2c5c522bb23e,DEV-000474-2,mobile,Android,2024-01-30T19:41:21Z,True
1e53b8eb-73a9-587c-8d75-3872378caf66,9777940e-474d-5459-8b77-2c5c522bb23e,DEV-000474-3,tablet,macOS,2024-02-14T19:41:21Z,True
775f3872-c03b-5ea5-a92a-f5f8df75c8e0,14c58657-fde7-5a87-b306-6ba457244e7c,DEV-000475-1,desktop,Windows,2021-12-15T19:41:21Z,True
07d349a6-0d61-569f-8b11-2546c434388f,14c58657-fde7-5a87-b306-6ba457244e7c,DEV-000475-2,mobile,Linux,2021-11-14T19:41:21Z,True
7492e5b0-1633-5f9c-9ec4-9506082443d6,98e40776-d173-5932-90c5-d1a3ced51b6e,DEV-000476-1,desktop,macOS,2022-02-21T19:41:21Z,True
198e4211-5a87-5224-b868-d69f5b6ca9e2,98e40776-d173-5932-90c5-d1a3ced51b6e,DEV-000476-2,desktop,Windows,2022-04-25T19:41:21Z,True
a93fa30f-3ce0-5e4b-ae74-bcaf42cfaa48,98e40776-d173-5932-90c5-d1a3ced51b6e,DEV-000476-3,desktop,Linux,2022-05-10T19:41:21Z,True
2cb6677c-f1ed-577d-9838-b668d2ae179c,df3ebbb0-fc6d-5820-96e7-6fb031299e42,DEV-000477-1,mobile,Android,2023-08-05T19:41:21Z,True
97a6a695-cedf-5bf8-99da-d923807c044e,df3ebbb0-fc6d-5820-96e7-6fb031299e42,DEV-000477-2,desktop,macOS,2023-10-27T19:41:21Z,True
83ae4fe9-9a73-562e-8364-6f286a6bbe5e,cb3dac18-4594-5f66-9a85-1772694faa9a,DEV-000478-1,tablet,macOS,2024-11-07T19:41:21Z,True
4179d940-fff3-5771-a9a1-44e1b33fdbd9,4241f8d7-1651-56f6-81a3-d866683e7fa3,DEV-000479-1,mobile,macOS,2023-12-06T19:41:21Z,True
1b4e024c-e7a8-5ed5-837d-e950e070422f,1fac3cdd-8077-530f-a37c-eaabb301629e,DEV-000480-1,tablet,Windows,2022-08-22T19:41:21Z,True
7023e396-9401-5f4a-8e08-0bf1fca58d5c,9bbb1807-f1ce-5620-88f9-35d77db433c6,DEV-000481-1,tablet,iOS,2022-10-10T19:41:21Z,True
59f8605e-2f15-5713-8d9f-eb4afe076235,5105eaca-068c-5a3c-a15c-3dd8438842f1,DEV-000482-1,desktop,iOS,2026-03-25T19:41:21Z,True
0ddbb2f7-cfeb-54e7-af8e-de913170ae04,5105eaca-068c-5a3c-a15c-3dd8438842f1,DEV-000482-2,tablet,Windows,2026-07-04T19:41:21Z,True
52eeb600-224e-5ece-ac75-3cf9d49f10ad,709938ce-2725-561e-8802-65ba892b7fb7,DEV-000483-1,desktop,Windows,2026-01-15T19:41:21Z,False
14e258f3-a709-5412-8a53-a0690d4c63ec,709938ce-2725-561e-8802-65ba892b7fb7,DEV-000483-2,mobile,Windows,2025-12-19T19:41:21Z,True
b0971933-52bc-5059-9534-7826d52e6946,bb578f60-33a4-5dc0-9eb6-c08973296df2,DEV-000484-1,desktop,Linux,2022-08-26T19:41:21Z,True
efd9d9c6-2afc-5d1e-8630-5e040dab31b4,bb578f60-33a4-5dc0-9eb6-c08973296df2,DEV-000484-2,tablet,Windows,2022-11-25T19:41:21Z,True
9f87738d-f0c1-5c66-9ebd-89fe17fb8d71,3516ac8c-30c6-56e5-a428-faf150985865,DEV-000485-1,tablet,Android,2024-09-18T19:41:21Z,True
2f45c09e-46c2-5a92-84d2-b78a514c253b,dbaa0158-3edd-5be6-844a-c8c79aee7902,DEV-000486-1,desktop,Linux,2023-10-16T19:41:21Z,True
fe170935-2f15-5f81-abd0-8e70a30aed8a,f2893a82-70c7-5854-a9a5-259dfae0bd0d,DEV-000487-1,mobile,Windows,2022-07-01T19:41:21Z,True
267e05fb-ff23-5230-b347-2fea0ec73488,f2893a82-70c7-5854-a9a5-259dfae0bd0d,DEV-000487-2,tablet,Windows,2022-03-28T19:41:21Z,False
58157909-7f9f-5d73-8b21-e4badfaa4e88,f2893a82-70c7-5854-a9a5-259dfae0bd0d,DEV-000487-3,tablet,Windows,2022-06-16T19:41:21Z,True
344fa651-038e-5542-9da8-80f21302c223,45cd0ba4-dc18-5c38-a139-ccb7a3c2294e,DEV-000488-1,desktop,Linux,2024-04-12T19:41:21Z,True
19fcca8d-d656-5251-a59c-265feaed9788,b4798183-86a1-5abc-9137-e0d90532084a,DEV-000489-1,mobile,macOS,2023-09-19T19:41:21Z,False
a7738b8d-6493-5a85-bf2b-5c4c82fc75f7,b4798183-86a1-5abc-9137-e0d90532084a,DEV-000489-2,tablet,iOS,2023-11-01T19:41:21Z,False
e364d937-66e2-5c90-8a41-2fbb085642ec,97fc8349-09aa-5473-ab3c-f36de162233b,DEV-000490-1,tablet,iOS,2025-01-06T19:41:21Z,True
2431f8ee-e776-583d-8a40-94f27fd7ddb1,97fc8349-09aa-5473-ab3c-f36de162233b,DEV-000490-2,tablet,Android,2024-12-19T19:41:21Z,False
562aaa64-1598-57b3-af0f-ce258d466c11,1ccae9ce-6a7b-5990-bda9-a0e846aa72f3,DEV-000491-1,desktop,iOS,2024-11-21T19:41:21Z,False
effbae3e-d72f-5838-b731-8023e36ca27f,de772253-d994-5d2f-bf49-c1e5c6fee03e,DEV-000492-1,tablet,Android,2024-08-30T19:41:21Z,True
cf34811e-3f38-547c-a1e0-1587472a9118,f5c30414-72ce-5af0-b84a-500131d0a060,DEV-000493-1,desktop,iOS,2024-11-13T19:41:21Z,True
1a625e13-b1a2-5e3a-ab58-77c17aeb9186,35185f6f-8f5e-5d58-8bef-676752c9ed6e,DEV-000494-1,mobile,Android,2024-07-11T19:41:21Z,True
93dd05ca-2147-539b-b6ff-e2fa912207e5,c65f343a-04c0-5074-971f-29b3f833ceb2,DEV-000495-1,tablet,Windows,2022-04-28T19:41:21Z,True
d3ce3d93-44c5-5056-85b2-72a012899472,c65f343a-04c0-5074-971f-29b3f833ceb2,DEV-000495-2,tablet,Linux,2022-05-26T19:41:21Z,False
bc5591f1-0375-507a-863f-afdd05d66e3d,3a7e739a-942e-5a65-bd87-0b2ac00b352d,DEV-000496-1,mobile,Linux,2021-08-07T19:41:21Z,True
7a3e3176-a0c4-56c9-a55f-aa084beb2914,3a7e739a-942e-5a65-bd87-0b2ac00b352d,DEV-000496-2,mobile,iOS,2021-08-31T19:41:21Z,True
98bfd3c7-e6b2-55ce-8ca8-869faad13207,3a7e739a-942e-5a65-bd87-0b2ac00b352d,DEV-000496-3,tablet,iOS,2021-11-01T19:41:21Z,True
835cafdb-838c-56bb-a8ce-308badf9b1f9,6accbb3a-32e3-54cd-bdd7-6fc15f8892f1,DEV-000497-1,mobile,iOS,2024-05-16T19:41:21Z,True
0e983ecf-c0fd-56af-9947-71803c6c5e7e,6accbb3a-32e3-54cd-bdd7-6fc15f8892f1,DEV-000497-2,tablet,iOS,2024-03-29T19:41:21Z,True
f640a898-0972-5992-a4df-cb05f493fdb5,82ba80c6-a987-5638-b153-67b16bc44a88,DEV-000498-1,tablet,Android,2022-03-24T19:41:21Z,True
a8d6d299-3a6c-5308-bb3b-c9d70b5c7f7d,07914313-7ebb-541b-8b0c-ca58e4e83f6a,DEV-000499-1,desktop,macOS,2026-02-19T19:41:21Z,True
96be70fa-d5eb-56e3-bc7d-29e541300e06,07914313-7ebb-541b-8b0c-ca58e4e83f6a,DEV-000499-2,mobile,Android,2025-12-27T19:41:21Z,True
4b6d2898-c5e3-5b12-9a2f-196f04642518,07914313-7ebb-541b-8b0c-ca58e4e83f6a,DEV-000499-3,tablet,Linux,2025-12-21T19:41:21Z,True
a38307d7-e39a-5f55-aac2-5c8900428be6,7a2b364a-8477-5359-8a45-90d5004d6077,DEV-000500-1,desktop,iOS,2022-06-17T19:41:21Z,False
b163799f-b8a0-50cf-9964-6de355a1fc5f,7a2b364a-8477-5359-8a45-90d5004d6077,DEV-000500-2,mobile,Linux,2022-09-10T19:41:21Z,True
68dba54e-d8a5-5117-9b9d-844bb4947e06,e489d614-884f-5865-bee2-63161cbb6420,DEV-NEW-000000152,mobile,Android,2026-06-21T03:06:21Z,False
bd27341e-120b-557d-9548-aa839d8f6225,82ba80c6-a987-5638-b153-67b16bc44a88,DEV-NEW-000000242,tablet,macOS,2026-06-11T16:47:21Z,False
c621f078-e78a-5e96-a99c-27062d838147,4bcdb2b8-0f5c-5905-8e8d-82820bd3c947,DEV-NEW-000000398,mobile,macOS,2026-06-20T11:00:21Z,False
732153fb-0720-5911-b1f3-78438c91f244,0d297848-17b5-5ca9-a9ed-7ea84b53efc0,DEV-NEW-000000408,desktop,Android,2026-05-26T04:05:21Z,False
41ceea41-a26f-5e9b-be0d-f96610505552,3b2b1bce-1795-57bf-9890-5e31526b6c9e,DEV-NEW-000000640,mobile,iOS,2026-07-06T20:09:21Z,False
32007a10-743b-56d5-81d1-1ba954da0075,dbaa0158-3edd-5be6-844a-c8c79aee7902,DEV-NEW-000001211,tablet,Android,2026-07-07T20:50:21Z,False
a765898d-1ace-5c0e-9faa-f8d77b6f7138,25410391-656d-5803-a756-2a3b9611677d,DEV-NEW-000001254,tablet,macOS,2026-07-08T12:30:21Z,False
245a9bcd-4dbf-5f8b-a7cf-733ef30cb7ae,cffc7094-4d8f-5bdf-a237-99e6b57921ab,DEV-NEW-000001371,mobile,Android,2026-06-24T05:24:21Z,False
71c907bf-3850-5d22-b78e-260e4055fefa,9777940e-474d-5459-8b77-2c5c522bb23e,DEV-NEW-000001775,mobile,iOS,2026-05-29T16:21:21Z,False
633fe567-b505-5f8e-9ee8-a6e2c74c9caa,9e95b3f7-a292-5ee7-872e-ca11c7639aa3,DEV-NEW-000001863,desktop,Android,2026-06-09T21:04:21Z,False
a5bdd43a-cea0-5a8c-8d5f-f4ad78529aa8,44c58a5c-f75d-5e3d-8e57-5ac076c2b769,DEV-NEW-000002292,mobile,Linux,2026-05-28T14:05:21Z,False
421cbe39-17c4-5bc5-8276-e2500cea1201,d73ef1e6-584b-513b-8206-8c192050f16f,DEV-NEW-000002564,tablet,Windows,2026-07-05T03:00:21Z,False
e957c653-0358-5a1c-b074-70c4a9e094af,d6bc8f6d-341b-5a57-8c85-9ddbb7bd8ce7,DEV-NEW-000003184,tablet,Android,2026-07-03T16:42:21Z,False
29cf51be-e26b-55b2-8996-48784ac0f7e5,8c5883cf-7eb2-5657-8c98-6b2b07656df0,DEV-NEW-000003265,desktop,macOS,2026-07-05T00:46:21Z,False
535fd887-5744-553e-967c-ecfd6e868338,fffd4cf5-56bf-5524-a3bf-6b75499af1a0,DEV-NEW-000004442,mobile,Windows,2026-06-02T07:54:21Z,False
89557a67-ea1a-5d15-be4d-b6647cc24504,b4710b5c-1374-574f-ad6f-efadf1df389b,DEV-NEW-000004639,tablet,iOS,2026-06-28T10:21:21Z,False
0ca3d5c9-1da4-5bbb-a2f5-ce0133892f8b,560618ed-f67e-5303-818e-24cbbedbf952,DEV-NEW-000005115,tablet,Windows,2026-05-22T09:08:21Z,False
bd4f2a89-175d-5fb7-8dea-a5441b7f870c,44f876e1-6aff-5fbc-9174-37e711517d88,DEV-NEW-000005206,mobile,Android,2026-07-11T09:31:21Z,False
dfa751bb-04c7-57a7-b9a9-22b8bfb4cf62,b3bb27ba-fa72-50b7-9da4-827690e882b8,DEV-NEW-000005282,tablet,macOS,2026-05-28T10:30:21Z,False
dfb5e393-879a-5923-87b1-6909350833f4,0a16ded7-f672-51b1-b718-74a87ba14464,DEV-NEW-000006089,desktop,Windows,2026-06-22T09:58:21Z,False
1ec48d1b-0937-5f88-a96b-cd723db1af5e,c9875765-c2b5-56fa-bf9c-b4ecec36e25c,DEV-NEW-000006126,tablet,Windows,2026-05-27T01:34:21Z,False
9a96aa3d-d5d3-5796-af8f-ea4903a30d7b,9777940e-474d-5459-8b77-2c5c522bb23e,DEV-NEW-000006170,mobile,iOS,2026-05-25T06:26:21Z,False
0296b54a-d739-543b-92f2-1566ef9e966c,a51008f6-6d5f-5211-b691-ffcc2688d683,DEV-NEW-000006544,tablet,Linux,2026-06-08T21:54:21Z,False
0792e84a-1eb9-55ba-9118-a2f1f496a766,b04876d7-7a53-5407-99a0-deac95be13e4,DEV-NEW-000006851,desktop,Linux,2026-07-08T02:55:21Z,False
123054d6-8b26-5c63-8b5a-76c7540d50d1,6643d1f1-6607-5685-8841-48cfb2ff5b35,DEV-NEW-000007038,mobile,Android,2026-05-14T21:13:21Z,False
0c645b5e-de17-5454-8a54-0de426decbb0,4e36080c-a4e5-5510-a910-3ca162e95fe7,DEV-NEW-000007812,tablet,Android,2026-07-08T16:26:21Z,False
aea36ea7-f9e4-5272-a7cc-cf25778af6d1,c6bc4233-9766-5611-b7a8-4d98c02a3f9f,DEV-NEW-000008085,desktop,iOS,2026-06-04T09:11:21Z,False
b2a1eb29-7f62-5d90-9edb-1945e325b27d,f054b566-4a85-5a74-bf03-a6653833bec6,DEV-NEW-000008144,mobile,Linux,2026-07-12T02:11:21Z,False
7ae9326f-47de-5ca6-96a7-e8bb05abce12,36e2fbe1-8cf4-5d0d-b874-e52c16742278,DEV-NEW-000008395,mobile,Linux,2026-07-01T19:05:21Z,False
2335e37e-915f-5e15-93d0-08aa0dc07641,12ecf1f9-775b-5b53-9d3c-441f79e7f162,DEV-NEW-000008573,desktop,macOS,2026-06-08T13:48:21Z,False
ea0fbb8e-efe7-5473-a724-1babb8bcfe94,11011014-1436-5b3d-9504-a78eb04d6321,DEV-NEW-000008592,tablet,iOS,2026-06-26T21:13:21Z,False
f9c2bc03-2b19-534e-886a-c2ffe523afb5,bfa68ee4-1563-53e2-9f4d-2fb301f4e2b3,DEV-NEW-000008595,desktop,Windows,2026-05-16T13:21:21Z,False
a54d40c1-ee3b-54f7-9f46-aab8fc4a8e3c,c9875765-c2b5-56fa-bf9c-b4ecec36e25c,DEV-NEW-000009060,desktop,Windows,2026-06-01T10:34:21Z,False
3fc21058-51aa-5c48-beee-79ff52638356,2c7d5e2f-7721-5a81-af1a-bb938a3197df,DEV-NEW-000009090,tablet,iOS,2026-06-20T18:34:21Z,False
1a247c22-4320-508b-b1da-064d8d057582,50af95b3-f999-57f4-9b8c-d28362415a7b,DEV-NEW-000009637,mobile,Linux,2026-06-14T21:31:21Z,False
f9a5d960-6747-5abb-a0f8-8b6d753fc25c,62e5be73-7f90-55e0-a0cd-0e8174865410,DEV-NEW-000009905,desktop,Linux,2026-06-10T00:52:21Z,False
1bd4a76a-d32a-5856-932d-bcec51b484e8,c66a6407-bce1-537c-a38d-aea0c7c8bb09,DEV-NEW-000009924,mobile,iOS,2026-06-19T12:01:21Z,False
